Page Id	URL	Name	From Attr	Value
587	Claude_Debussy	Claude Debussy	dct:subject	dbc:People_from_Saint-Germain-en-Laye
533	Charles_Mingus	Charles Mingus	dct:subject	dbc:Musicians_from_Arizona
533	Charles_Mingus	Charles Mingus	dct:subject	dbc:Musicians_from_Los_Angeles,_California
533	Charles_Mingus	Charles Mingus	dct:subject	dbc:People_from_Cuernavaca
533	Charles_Mingus	Charles Mingus	dct:subject	dbc:People_from_Nogales,_Arizona
685	Dave_Brubeck	Dave Brubeck	dct:subject	dbc:Jazz_musicians_from_California
685	Dave_Brubeck	Dave Brubeck	dct:subject	dbc:Musicians_from_Norwalk,_Connecticut
685	Dave_Brubeck	Dave Brubeck	dct:subject	dbc:Musicians_from_the_San_Francisco_Bay_Area
685	Dave_Brubeck	Dave Brubeck	dct:subject	dbc:People_from_Concord,_California
1073	George_Benson	George Benson	dct:subject	dbc:Musicians_from_Phoenix,_Arizona
1073	George_Benson	George Benson	dct:subject	dbc:Musicians_from_Pittsburgh,_Pennsylvania
1073	George_Benson	George Benson	dct:subject	dbc:Singers_from_Pennsylvania
1328	James_Brown	James Brown	dct:subject	dbc:Musicians_from_Augusta,_Georgia
1328	James_Brown	James Brown	dct:subject	dbc:Musicians_from_South_Carolina
1328	James_Brown	James Brown	dct:subject	dbc:People_from_Barnwell_County,_South_Carolina
1328	James_Brown	James Brown	dct:subject	dbc:People_from_Toccoa,_Georgia
1328	James_Brown	James Brown	dct:subject	dbc:Songwriters_from_Georgia_(U.S._state)
1328	James_Brown	James Brown	dct:subject	dbc:Songwriters_from_South_Carolina
1451	John_Lee_Hooker	John Lee Hooker	dct:subject	dbc:Blues_musicians_from_Mississippi
1451	John_Lee_Hooker	John Lee Hooker	dct:subject	dbc:Musicians_from_Tennessee
1451	John_Lee_Hooker	John Lee Hooker	dct:subject	dbc:People_from_Coahoma_County,_Mississippi
1402	Jimi_Hendrix	Jimi Hendrix	dct:subject	dbc:Musicians_from_Seattle,_Washington
1402	Jimi_Hendrix	Jimi Hendrix	dct:subject	dbc:People_from_Renton,_Washington
1402	Jimi_Hendrix	Jimi Hendrix	dct:subject	dbc:Songwriters_from_Washington_(state)
1475	Joni_Mitchell	Joni Mitchell	dct:subject	dbc:Musicians_from_Saskatoon
1475	Joni_Mitchell	Joni Mitchell	dct:subject	dbc:People_from_the_Municipal_District_of_Willow_Creek_No._26
1500	Karlheinz_Stockhausen	Karlheinz Stockhausen	dct:subject	dbc:People_from_Kerpen
1500	Karlheinz_Stockhausen	Karlheinz Stockhausen	dct:subject	dbc:People_from_the_Rhine_Province
1590	Lester_Bangs	Lester Bangs	dct:subject	dbc:People_from_El_Cajon,_California
1590	Lester_Bangs	Lester Bangs	dct:subject	dbc:People_from_Escondido,_California
1590	Lester_Bangs	Lester Bangs	dct:subject	dbc:Writers_from_California
2398	Ron_Carter	Ron Carter	dct:subject	dbc:Musicians_from_Detroit,_Michigan
2398	Ron_Carter	Ron Carter	dct:subject	dbc:People_from_Oakland_County,_Michigan
2331	Red_Hot_Chili_Peppers	Red Hot Chili Peppers	dct:subject	dbc:Alternative_rock_groups_from_California
2331	Red_Hot_Chili_Peppers	Red Hot Chili Peppers	dct:subject	dbc:Musical_groups_from_Los_Angeles,_California
2864	The_Doors	The Doors	dct:subject	dbc:Musical_groups_from_Los_Angeles,_California
2864	The_Doors	The Doors	dct:subject	dbc:Rock_music_groups_from_California
2965	The_Rolling_Stones	The Rolling Stones	dct:subject	dbc:Musical_groups_from_London
2790	Terry_Riley	Terry Riley	dct:subject	dbc:People_from_Placer_County,_California
809	Duke_Ellington	Duke Ellington	dct:subject	dbc:Musicians_from_Washington,_D.C.
1456	John_Paul_Jones_(musician)	John Paul Jones (musician)	dct:subject	dbc:Musicians_from_Kent
1456	John_Paul_Jones_(musician)	John Paul Jones (musician)	dct:subject	dbc:People_from_Sidcup
755	Dizzy_Gillespie	Dizzy Gillespie	dct:subject	dbc:Musicians_from_Pennsylvania
755	Dizzy_Gillespie	Dizzy Gillespie	dct:subject	dbc:Musicians_from_South_Carolina
755	Dizzy_Gillespie	Dizzy Gillespie	dct:subject	dbc:People_from_Corona,_Queens
755	Dizzy_Gillespie	Dizzy Gillespie	dct:subject	dbc:People_from_Cheraw,_South_Carolina
755	Dizzy_Gillespie	Dizzy Gillespie	dct:subject	dbc:People_from_Clarksville,_Tennessee
540	Charlie_Parker	Charlie Parker	dct:subject	dbc:Musicians_from_New_York_City
540	Charlie_Parker	Charlie Parker	dct:subject	dbc:Musicians_from_Kansas_City,_Missouri
2275	Prince_(musician)	Prince (musician)	dct:subject	dbc:Film_directors_from_Minnesota
2275	Prince_(musician)	Prince (musician)	dct:subject	dbc:Male_actors_from_Minneapolis,_Minnesota
2275	Prince_(musician)	Prince (musician)	dct:subject	dbc:Musicians_from_Minneapolis,_Minnesota
2275	Prince_(musician)	Prince (musician)	dct:subject	dbc:Songwriters_from_Minnesota
3068	Tony_Williams_(drummer)	Tony Williams (drummer)	dct:subject	dbc:Musicians_from_Boston,_Massachusetts
3068	Tony_Williams_(drummer)	Tony Williams (drummer)	dct:subject	dbc:Musicians_from_Chicago,_Illinois
1105	Glenn_Miller	Glenn Miller	dct:subject	dbc:People_from_Clarinda,_Iowa
1105	Glenn_Miller	Glenn Miller	dct:subject	dbc:People_from_Fort_Morgan,_Colorado
1105	Glenn_Miller	Glenn Miller	dct:subject	dbc:People_from_North_Platte,_Nebraska
1105	Glenn_Miller	Glenn Miller	dct:subject	dbc:Musicians_from_Colorado
639	Count_Basie	Count Basie	dct:subject	dbc:Musicians_from_New_Jersey
639	Count_Basie	Count Basie	dct:subject	dbc:People_from_Red_Bank,_New_Jersey
1315	Jack_Johnson_(boxer)	Jack Johnson (boxer)	dct:subject	dbc:People_from_Galveston,_Texas
873	Eric_Dolphy	Eric Dolphy	dct:subject	dbc:Jazz_musicians_from_California
873	Eric_Dolphy	Eric Dolphy	dct:subject	dbc:Musicians_from_Los_Angeles,_California
1389	Jeff_Noon	Jeff Noon	dct:subject	dbc:People_from_Droylsden
3969	Wilco	Wilco	dct:subject	dbc:Musical_groups_from_Chicago,_Illinois
3969	Wilco	Wilco	dct:subject	dbc:Alternative_rock_groups_from_Chicago,_Illinois
447	Boris_Vian	Boris Vian	dct:subject	dbc:People_from_Ville-d'Avray
2606	Sting_(musician)	Sting (musician)	dct:subject	dbc:Musicians_from_Newcastle_upon_Tyne
2606	Sting_(musician)	Sting (musician)	dct:subject	dbc:People_from_Cramlington
2606	Sting_(musician)	Sting (musician)	dct:subject	dbc:People_from_Wallsend
1555	Larry_Graham	Larry Graham	dct:subject	dbc:People_from_Beaumont,_Texas
1555	Larry_Graham	Larry Graham	dct:subject	dbc:Singers_from_Texas
1555	Larry_Graham	Larry Graham	dct:subject	dbc:Songwriters_from_Texas
201	Amon_Tobin	Amon Tobin	dct:subject	dbc:Musicians_from_Rio_de_Janeiro_(city)
769	Don_DeLillo	Don DeLillo	dct:subject	dbc:People_from_the_Bronx
175	Alex_Haley	Alex Haley	dct:subject	dbc:Writers_from_Tennessee
175	Alex_Haley	Alex Haley	dct:subject	dbc:People_from_Lauderdale_County,_Tennessee
175	Alex_Haley	Alex Haley	dct:subject	dbc:People_from_Knoxville,_Tennessee
175	Alex_Haley	Alex Haley	dct:subject	dbc:People_from_Ithaca,_New_York
2822	The_Byrds	The Byrds	dct:subject	dbc:Folk_rock_groups_from_California
2822	The_Byrds	The Byrds	dct:subject	dbc:Musical_groups_from_Los_Angeles,_California
2822	The_Byrds	The Byrds	dct:subject	dbc:Rock_music_groups_from_California
2156	Paul_Whiteman	Paul Whiteman	dct:subject	dbc:Musicians_from_New_Rochelle,_New_York
2156	Paul_Whiteman	Paul Whiteman	dct:subject	dbc:People_from_New_Rochelle,_New_York
2156	Paul_Whiteman	Paul Whiteman	dct:subject	dbc:People_from_New_York_City
2156	Paul_Whiteman	Paul Whiteman	dct:subject	dbc:Musicians_from_Denver,_Colorado
2154	Paul_Shaffer	Paul Shaffer	dct:subject	dbc:People_from_Thunder_Bay
2154	Paul_Shaffer	Paul Shaffer	dct:subject	dbc:Musicians_from_Ontario
2648	Switchfoot	Switchfoot	dct:subject	dbc:Musical_groups_from_San_Diego,_California
2648	Switchfoot	Switchfoot	dct:subject	dbc:Christian_rock_groups_from_California
2648	Switchfoot	Switchfoot	dct:subject	dbc:Alternative_rock_groups_from_California
1304	J._J._Johnson	J. J. Johnson	dct:subject	dbc:Musicians_from_Indianapolis,_Indiana
2145	Parliament-Funkadelic	Parliament-Funkadelic	dct:subject	dbc:People_from_Plainfield,_New_Jersey
2284	Public_Image_Ltd	Public Image Ltd	dct:subject	dbc:Musical_groups_from_London
509	Carlos_Santana	Carlos Santana	dct:subject	dbc:People_from_Tijuana
509	Carlos_Santana	Carlos Santana	dct:subject	dbc:People_from_Autlán,_Jalisco
2393	Rollins_Band	Rollins Band	dct:subject	dbc:Heavy_metal_musical_groups_from_California
1321	Jaco_Pastorius	Jaco Pastorius	dct:subject	dbc:Musicians_from_Philadelphia,_Pennsylvania
1321	Jaco_Pastorius	Jaco Pastorius	dct:subject	dbc:Jazz_musicians_from_Florida
1321	Jaco_Pastorius	Jaco Pastorius	dct:subject	dbc:Musicians_from_Fort_Lauderdale,_Florida
2802	The_Allman_Brothers_Band	The Allman Brothers Band	dct:subject	dbc:Musical_groups_from_Jacksonville,_Florida
2802	The_Allman_Brothers_Band	The Allman Brothers Band	dct:subject	dbc:Rock_music_groups_from_Florida
310	Beck	Beck	dct:subject	dbc:Singers_from_Los_Angeles,_California
310	Beck	Beck	dct:subject	dbc:Songwriters_from_California
3027	Tiki_Fulwood	Tiki Fulwood	dct:subject	dbc:Musicians_from_Philadelphia,_Pennsylvania
2111	Ornette_Coleman	Ornette Coleman	dct:subject	dbc:People_from_Fort_Worth,_Texas
1169	Harry_Belafonte	Harry Belafonte	dct:subject	dbc:People_from_Harlem
1838	Max_Roach	Max Roach	dct:subject	dbc:Musicians_from_North_Carolina
1838	Max_Roach	Max Roach	dct:subject	dbc:People_from_Pasquotank_County,_North_Carolina
473	Bud_Powell	Bud Powell	dct:subject	dbc:Musicians_from_New_York_City
539	Charlie_Christian	Charlie Christian	dct:subject	dbc:Musicians_from_Oklahoma
539	Charlie_Christian	Charlie Christian	dct:subject	dbc:People_from_Oklahoma_City,_Oklahoma
539	Charlie_Christian	Charlie Christian	dct:subject	dbc:People_from_Bonham,_Texas
2586	Steely_Dan	Steely Dan	dct:subject	dbc:Musical_groups_from_New_York
1601	Linda_Ronstadt	Linda Ronstadt	dct:subject	dbc:Country_musicians_from_California
1601	Linda_Ronstadt	Linda Ronstadt	dct:subject	dbc:Singers_from_Los_Angeles,_California
1601	Linda_Ronstadt	Linda Ronstadt	dct:subject	dbc:Songwriters_from_California
1601	Linda_Ronstadt	Linda Ronstadt	dct:subject	dbc:Writers_from_Los_Angeles,_California
1601	Linda_Ronstadt	Linda Ronstadt	dct:subject	dbc:Writers_from_San_Francisco,_California
1601	Linda_Ronstadt	Linda Ronstadt	dct:subject	dbc:Actresses_from_Tucson,_Arizona
1601	Linda_Ronstadt	Linda Ronstadt	dct:subject	dbc:Country_musicians_from_Arizona
1601	Linda_Ronstadt	Linda Ronstadt	dct:subject	dbc:Musicians_from_San_Francisco,_California
1601	Linda_Ronstadt	Linda Ronstadt	dct:subject	dbc:Musicians_from_Tucson,_Arizona
1601	Linda_Ronstadt	Linda Ronstadt	dct:subject	dbc:Songwriters_from_Arizona
1601	Linda_Ronstadt	Linda Ronstadt	dct:subject	dbc:Writers_from_Tucson,_Arizona
1578	Lenny_Kravitz	Lenny Kravitz	dct:subject	dbc:Male_actors_from_New_York_City
1578	Lenny_Kravitz	Lenny Kravitz	dct:subject	dbc:Musicians_from_Brooklyn
1578	Lenny_Kravitz	Lenny Kravitz	dct:subject	dbc:Singers_from_New_York_City
2510	Sly_and_the_Family_Stone	Sly and the Family Stone	dct:subject	dbc:Musical_groups_from_San_Francisco,_California
2511	Sly_Stone	Sly Stone	dct:subject	dbc:Singers_from_Texas
2511	Sly_Stone	Sly Stone	dct:subject	dbc:Songwriters_from_Texas
2511	Sly_Stone	Sly Stone	dct:subject	dbc:People_from_Denton,_Texas
818	Earth,_Wind_%26_Fire	Earth, Wind & Fire	dct:subject	dbc:Musical_groups_from_Chicago,_Illinois
1753	Louis_Jordan	Louis Jordan	dct:subject	dbc:Musicians_from_Arkansas
1753	Louis_Jordan	Louis Jordan	dct:subject	dbc:People_from_Brinkley,_Arkansas
1024	Frank_Loesser	Frank Loesser	dct:subject	dbc:Songwriters_from_New_York
524	Celia_Cruz	Celia Cruz	dct:subject	dbc:People_from_Havana
524	Celia_Cruz	Celia Cruz	dct:subject	dbc:People_from_Fort_Lee,_New_Jersey
1538	Kool_%26_the_Gang	Kool & the Gang	dct:subject	dbc:Musical_groups_from_New_Jersey
2431	Sarah_Vaughan	Sarah Vaughan	dct:subject	dbc:Baptists_from_the_United_States
2431	Sarah_Vaughan	Sarah Vaughan	dct:subject	dbc:Musicians_from_Newark,_New_Jersey
2431	Sarah_Vaughan	Sarah Vaughan	dct:subject	dbc:People_from_Englewood_Cliffs,_New_Jersey
1197	Hermeto_Pascoal	Hermeto Pascoal	dct:subject	dbc:People_from_Alagoas
740	Dexter_Gordon	Dexter Gordon	dct:subject	dbc:Jazz_musicians_from_California
740	Dexter_Gordon	Dexter Gordon	dct:subject	dbc:Musicians_from_Los_Angeles,_California
3085	Trey_Anastasio	Trey Anastasio	dct:subject	dbc:People_from_Princeton,_New_Jersey
3085	Trey_Anastasio	Trey Anastasio	dct:subject	dbc:Musicians_from_Vermont
990	Fishbone	Fishbone	dct:subject	dbc:Alternative_rock_groups_from_California
990	Fishbone	Fishbone	dct:subject	dbc:Musical_groups_from_Los_Angeles,_California
3789	Weather_Report	Weather Report	dct:subject	dbc:Musical_groups_from_New_York_City
499	Cannonball_Adderley	Cannonball Adderley	dct:subject	dbc:Musicians_from_Tampa,_Florida
499	Cannonball_Adderley	Cannonball Adderley	dct:subject	dbc:People_from_Corona,_Queens
499	Cannonball_Adderley	Cannonball Adderley	dct:subject	dbc:Jazz_musicians_from_Florida
499	Cannonball_Adderley	Cannonball Adderley	dct:subject	dbc:Jazz_musicians_from_New_York
1327	James_Baldwin	James Baldwin	dct:subject	dbc:LGBT_people_from_New_York
1327	James_Baldwin	James Baldwin	dct:subject	dbc:LGBT_writers_from_the_United_States
1327	James_Baldwin	James Baldwin	dct:subject	dbc:People_from_Manhattan
1327	James_Baldwin	James Baldwin	dct:subject	dbc:Writers_from_New_York_City
1101	Gilberto_Gil	Gilberto Gil	dct:subject	dbc:People_from_Salvador,_Bahia
479	Burt_Bacharach	Burt Bacharach	dct:subject	dbc:People_from_Brookville,_New_York
479	Burt_Bacharach	Burt Bacharach	dct:subject	dbc:Musicians_from_Kansas_City,_Missouri
1812	Mark-Anthony_Turnage	Mark-Anthony Turnage	dct:subject	dbc:People_from_Corringham,_Essex
595	Coleman_Hawkins	Coleman Hawkins	dct:subject	dbc:Musicians_from_Topeka,_Kansas
595	Coleman_Hawkins	Coleman Hawkins	dct:subject	dbc:Musicians_from_Chicago,_Illinois
595	Coleman_Hawkins	Coleman Hawkins	dct:subject	dbc:People_from_St._Joseph,_Missouri
2298	Quincy_Jones	Quincy Jones	dct:subject	dbc:Musicians_from_Chicago,_Illinois
2298	Quincy_Jones	Quincy Jones	dct:subject	dbc:Musicians_from_Washington_(state)
2298	Quincy_Jones	Quincy Jones	dct:subject	dbc:Songwriters_from_Illinois
2027	Neal_Schon	Neal Schon	dct:subject	dbc:Musicians_from_Oklahoma
2027	Neal_Schon	Neal Schon	dct:subject	dbc:People_from_Oklahoma_City,_Oklahoma
3794	Wes_Montgomery	Wes Montgomery	dct:subject	dbc:Musicians_from_Indianapolis,_Indiana
1319	Jackie_McLean	Jackie McLean	dct:subject	dbc:Musicians_from_New_York_City
1319	Jackie_McLean	Jackie McLean	dct:subject	dbc:Musicians_from_Hartford,_Connecticut
2537	Sonny_Fortune	Sonny Fortune	dct:subject	dbc:Musicians_from_Philadelphia,_Pennsylvania
1337	Jane_Siberry	Jane Siberry	dct:subject	dbc:Musicians_from_Toronto
2372	Robben_Ford	Robben Ford	dct:subject	dbc:People_from_Tulare_County,_California
2372	Robben_Ford	Robben Ford	dct:subject	dbc:Musicians_from_California
768	Don_Cherry_(trumpeter)	Don Cherry (trumpeter)	dct:subject	dbc:Musicians_from_Oklahoma_City,_Oklahoma
768	Don_Cherry_(trumpeter)	Don Cherry (trumpeter)	dct:subject	dbc:Jazz_musicians_from_California
768	Don_Cherry_(trumpeter)	Don Cherry (trumpeter)	dct:subject	dbc:Musicians_from_Los_Angeles,_California
577	Cicely_Tyson	Cicely Tyson	dct:subject	dbc:Actresses_from_New_York_City
577	Cicely_Tyson	Cicely Tyson	dct:subject	dbc:People_from_Harlem
2383	Robert_Quine	Robert Quine	dct:subject	dbc:People_from_Akron,_Ohio
1939	Mitch_Mitchell	Mitch Mitchell	dct:subject	dbc:People_from_Ealing
1210	Horace_Silver	Horace Silver	dct:subject	dbc:Musicians_from_New_Rochelle,_New_York
1210	Horace_Silver	Horace Silver	dct:subject	dbc:Musicians_from_New_York_City
1210	Horace_Silver	Horace Silver	dct:subject	dbc:Musicians_from_Norwalk,_Connecticut
1210	Horace_Silver	Horace Silver	dct:subject	dbc:People_from_New_Rochelle,_New_York
229	Art_Blakey	Art Blakey	dct:subject	dbc:Musicians_from_Pittsburgh,_Pennsylvania
2539	Sonny_Rollins	Sonny Rollins	dct:subject	dbc:Musicians_from_New_York_City
2539	Sonny_Rollins	Sonny Rollins	dct:subject	dbc:Jazz_musicians_from_New_York
2603	Steven_Van_Zandt	Steven Van Zandt	dct:subject	dbc:People_from_Middletown_Township,_New_Jersey
2603	Steven_Van_Zandt	Steven Van Zandt	dct:subject	dbc:Male_actors_from_New_Jersey
2603	Steven_Van_Zandt	Steven Van Zandt	dct:subject	dbc:People_from_Winthrop,_Massachusetts
1078	George_Elliott_Clarke	George Elliott Clarke	dct:subject	dbc:Writers_from_Nova_Scotia
1078	George_Elliott_Clarke	George Elliott Clarke	dct:subject	dbc:People_from_Windsor,_Nova_Scotia
368	Billy_Eckstine	Billy Eckstine	dct:subject	dbc:Musicians_from_Pittsburgh,_Pennsylvania
368	Billy_Eckstine	Billy Eckstine	dct:subject	dbc:Singers_from_Pennsylvania
1828	Mary_Lou_Williams	Mary Lou Williams	dct:subject	dbc:Musicians_from_Atlanta,_Georgia
1828	Mary_Lou_Williams	Mary Lou Williams	dct:subject	dbc:Musicians_from_Pittsburgh,_Pennsylvania
1034	Freddie_Hubbard	Freddie Hubbard	dct:subject	dbc:Musicians_from_Indianapolis,_Indiana
2185	Philly_Joe_Jones	Philly Joe Jones	dct:subject	dbc:Musicians_from_Philadelphia,_Pennsylvania
2657	Tadd_Dameron	Tadd Dameron	dct:subject	dbc:Musicians_from_Cleveland,_Ohio
360	Bill_Laswell	Bill Laswell	dct:subject	dbc:People_from_Marion_County,_Illinois
360	Bill_Laswell	Bill Laswell	dct:subject	dbc:People_from_Albion,_Michigan
1471	Jon_Hassell	Jon Hassell	dct:subject	dbc:Musicians_from_Memphis,_Tennessee
1929	Milt_Jackson	Milt Jackson	dct:subject	dbc:Jazz_musicians_from_Michigan
1929	Milt_Jackson	Milt Jackson	dct:subject	dbc:People_from_Teaneck,_New_Jersey
1929	Milt_Jackson	Milt Jackson	dct:subject	dbc:Musicians_from_Detroit,_Michigan
1929	Milt_Jackson	Milt Jackson	dct:subject	dbc:Jazz_musicians_from_New_York
324	Benny_Carter	Benny Carter	dct:subject	dbc:Jazz_musicians_from_California
586	Clark_Terry	Clark Terry	dct:subject	dbc:People_from_Haworth,_New_Jersey
586	Clark_Terry	Clark Terry	dct:subject	dbc:Musicians_from_St._Louis,_Missouri
586	Clark_Terry	Clark Terry	dct:subject	dbc:People_from_Bayside,_Queens
586	Clark_Terry	Clark Terry	dct:subject	dbc:People_from_Corona,_Queens
586	Clark_Terry	Clark Terry	dct:subject	dbc:People_from_St._Louis,_Missouri
586	Clark_Terry	Clark Terry	dct:subject	dbc:Songwriters_from_Missouri
1334	Jamie_Cullum	Jamie Cullum	dct:subject	dbc:Musicians_from_Wiltshire
1476	Jonny_Greenwood	Jonny Greenwood	dct:subject	dbc:People_from_Oxford
2119	Oscar_Pettiford	Oscar Pettiford	dct:subject	dbc:People_from_Okmulgee,_Oklahoma
465	Brock_Peters	Brock Peters	dct:subject	dbc:Male_actors_from_New_York_City
465	Brock_Peters	Brock Peters	dct:subject	dbc:People_from_Harlem
2026	Neal_Hefti	Neal Hefti	dct:subject	dbc:People_from_Hastings,_Nebraska
2026	Neal_Hefti	Neal Hefti	dct:subject	dbc:Musicians_from_Nebraska
2487	Shooby_Taylor	Shooby Taylor	dct:subject	dbc:People_from_Allegheny_County,_Pennsylvania
2487	Shooby_Taylor	Shooby Taylor	dct:subject	dbc:People_from_Harlem
2487	Shooby_Taylor	Shooby Taylor	dct:subject	dbc:Singers_from_New_York_City
2487	Shooby_Taylor	Shooby Taylor	dct:subject	dbc:Singers_from_Pennsylvania
807	Duane_Allman	Duane Allman	dct:subject	dbc:Musicians_from_Daytona_Beach,_Florida
807	Duane_Allman	Duane Allman	dct:subject	dbc:Musicians_from_Nashville,_Tennessee
838	Eddie_Vinson	Eddie Vinson	dct:subject	dbc:Musicians_from_Houston,_Texas
1982	Music_of_Illinois	Music of Illinois	dct:subject	dbc:Christian_rock_groups_from_Illinois
1430	Joe_Zawinul	Joe Zawinul	dct:subject	dbc:People_from_Landstraße
1087	Gerry_Mulligan	Gerry Mulligan	dct:subject	dbc:People_from_Queens,_New_York
549	Chet_Baker	Chet Baker	dct:subject	dbc:People_from_Milpitas,_California
549	Chet_Baker	Chet Baker	dct:subject	dbc:People_from_Payne_County,_Oklahoma
549	Chet_Baker	Chet Baker	dct:subject	dbc:Jazz_musicians_from_Oklahoma
1754	Louis_Malle	Louis Malle	dct:subject	dbc:People_from_Nord_(French_department)
232	Art_Farmer	Art Farmer	dct:subject	dbc:Musicians_from_Iowa
1162	Hank_Mobley	Hank Mobley	dct:subject	dbc:People_from_Eastman,_Georgia
1162	Hank_Mobley	Hank Mobley	dct:subject	dbc:Musicians_from_Georgia_(U.S._state)
1162	Hank_Mobley	Hank Mobley	dct:subject	dbc:People_from_Elizabeth,_New_Jersey
2409	Roy_Harper	Roy Harper	dct:subject	dbc:Musicians_from_Manchester
2409	Roy_Harper	Roy Harper	dct:subject	dbc:People_from_Rusholme
371	Billy_Preston	Billy Preston	dct:subject	dbc:LGBT_musicians_from_the_United_States
371	Billy_Preston	Billy Preston	dct:subject	dbc:LGBT_people_from_California
371	Billy_Preston	Billy Preston	dct:subject	dbc:LGBT_people_from_Texas
371	Billy_Preston	Billy Preston	dct:subject	dbc:Male_actors_from_Houston,_Texas
371	Billy_Preston	Billy Preston	dct:subject	dbc:Male_actors_from_Los_Angeles,_California
371	Billy_Preston	Billy Preston	dct:subject	dbc:Musicians_from_Houston,_Texas
371	Billy_Preston	Billy Preston	dct:subject	dbc:People_from_Topanga,_California
371	Billy_Preston	Billy Preston	dct:subject	dbc:Singers_from_Los_Angeles,_California
371	Billy_Preston	Billy Preston	dct:subject	dbc:Songwriters_from_California
371	Billy_Preston	Billy Preston	dct:subject	dbc:Songwriters_from_Texas
371	Billy_Preston	Billy Preston	dct:subject	dbc:Musicians_from_Los_Angeles_County,_California
2542	Sonny_Sharrock	Sonny Sharrock	dct:subject	dbc:People_from_Ossining,_New_York
1077	George_Duke	George Duke	dct:subject	dbc:Musicians_from_San_Rafael,_California
1662	List_of_people_from_Illinois	List of people from Illinois	dct:subject	dbc:Lists_of_people_from_Illinois
816	Earl_Hines	Earl Hines	dct:subject	dbc:People_from_Duquesne,_Pennsylvania
816	Earl_Hines	Earl Hines	dct:subject	dbc:Musicians_from_Chicago,_Illinois
816	Earl_Hines	Earl Hines	dct:subject	dbc:Musicians_from_Pittsburgh,_Pennsylvania
589	Claude_Thornhill	Claude Thornhill	dct:subject	dbc:Musicians_from_New_Jersey
589	Claude_Thornhill	Claude Thornhill	dct:subject	dbc:Musicians_from_New_Rochelle,_New_York
589	Claude_Thornhill	Claude Thornhill	dct:subject	dbc:People_from_Caldwell,_New_Jersey
589	Claude_Thornhill	Claude Thornhill	dct:subject	dbc:People_from_New_Rochelle,_New_York
589	Claude_Thornhill	Claude Thornhill	dct:subject	dbc:Musicians_from_Indiana
589	Claude_Thornhill	Claude Thornhill	dct:subject	dbc:People_from_Terre_Haute,_Indiana
3028	Tim_Buckley	Tim Buckley	dct:subject	dbc:People_from_Amsterdam,_New_York
3028	Tim_Buckley	Tim Buckley	dct:subject	dbc:Musicians_from_Washington,_D.C.
3028	Tim_Buckley	Tim Buckley	dct:subject	dbc:Musicians_from_Anaheim,_California
909	Fats_Navarro	Fats Navarro	dct:subject	dbc:People_from_Key_West,_Florida
1766	Lucky_Thompson	Lucky Thompson	dct:subject	dbc:People_from_Columbia,_South_Carolina
2057	Niki_de_Saint_Phalle	Niki de Saint Phalle	dct:subject	dbc:People_from_Neuilly-sur-Seine
207	Andrew_Hill	Andrew Hill	dct:subject	dbc:Musicians_from_Jersey_City,_New_Jersey
374	Biosphere_(musician)	Biosphere (musician)	dct:subject	dbc:People_from_Tromsø
2310	Ralph_J._Gleason	Ralph J. Gleason	dct:subject	dbc:Writers_from_New_York
2310	Ralph_J._Gleason	Ralph J. Gleason	dct:subject	dbc:Writers_from_the_San_Francisco_Bay_Area
1045	Friedrich_Gulda	Friedrich Gulda	dct:subject	dbc:Musicians_from_Vienna
856	Elvin_Jones	Elvin Jones	dct:subject	dbc:Musicians_from_Michigan
856	Elvin_Jones	Elvin Jones	dct:subject	dbc:People_from_Pontiac,_Michigan
3764	Wadada_Leo_Smith	Wadada Leo Smith	dct:subject	dbc:Musicians_from_Mississippi
3764	Wadada_Leo_Smith	Wadada Leo Smith	dct:subject	dbc:People_from_Washington_County,_Mississippi
2360	Rick_James	Rick James	dct:subject	dbc:People_from_Buffalo,_New_York
1095	Gidon_Kremer	Gidon Kremer	dct:subject	dbc:People_from_Riga
1586	Leontyne_Price	Leontyne Price	dct:subject	dbc:People_from_Laurel,_Mississippi
1586	Leontyne_Price	Leontyne Price	dct:subject	dbc:People_from_Greenwich_Village
1586	Leontyne_Price	Leontyne Price	dct:subject	dbc:Singers_from_Mississippi
1663	List_of_people_from_Michigan	List of people from Michigan	dct:subject	dbc:Lists_of_people_from_Michigan
1151	Gunther_Schuller	Gunther Schuller	dct:subject	dbc:Musicians_from_New_York_City
1151	Gunther_Schuller	Gunther Schuller	dct:subject	dbc:Jazz_musicians_from_New_York
2028	Ned_Lagin	Ned Lagin	dct:subject	dbc:People_from_Old_Westbury,_New_York
2028	Ned_Lagin	Ned Lagin	dct:subject	dbc:People_from_Roslyn_Heights,_New_York
2028	Ned_Lagin	Ned Lagin	dct:subject	dbc:Musicians_from_New_York_City
1061	Gary_Peacock	Gary Peacock	dct:subject	dbc:People_from_Burley,_Idaho
1061	Gary_Peacock	Gary Peacock	dct:subject	dbc:People_from_Cassia_County,_Idaho
1935	Miroslav_Vitou%C5%A1	Miroslav Vitouš	dct:subject	dbc:Musicians_from_Prague
1869	Michael_Manring	Michael Manring	dct:subject	dbc:People_from_Annapolis,_Maryland
1869	Michael_Manring	Michael Manring	dct:subject	dbc:Musicians_from_Washington,_D.C.
1869	Michael_Manring	Michael Manring	dct:subject	dbc:Musicians_from_the_San_Francisco_Bay_Area
1869	Michael_Manring	Michael Manring	dct:subject	dbc:People_from_Norfolk,_Virginia
2481	Shelly_Manne	Shelly Manne	dct:subject	dbc:Jazz_musicians_from_California
2481	Shelly_Manne	Shelly Manne	dct:subject	dbc:Musicians_from_Los_Angeles,_California
2481	Shelly_Manne	Shelly Manne	dct:subject	dbc:Musicians_from_New_York_City
1424	Joe_Henderson	Joe Henderson	dct:subject	dbc:Musicians_from_Ohio
1424	Joe_Henderson	Joe Henderson	dct:subject	dbc:People_from_Lima,_Ohio
2619	Stuart_Hall_(cultural_theorist)	Stuart Hall (cultural theorist)	dct:subject	dbc:People_from_Kingston,_Jamaica
4012	Yumi_Matsutoya	Yumi Matsutoya	dct:subject	dbc:Musicians_from_Hachiōji,_Tokyo
3074	Toto_(band)	Toto (band)	dct:subject	dbc:Musical_groups_from_Los_Angeles,_California
2448	Scott_LaFaro	Scott LaFaro	dct:subject	dbc:Musicians_from_Newark,_New_Jersey
1310	Jack_DeJohnette	Jack DeJohnette	dct:subject	dbc:Musicians_from_Chicago,_Illinois
162	Al_Foster	Al Foster	dct:subject	dbc:Musicians_from_New_York
162	Al_Foster	Al Foster	dct:subject	dbc:People_from_Richmond,_Virginia
1517	Kenny_Clarke	Kenny Clarke	dct:subject	dbc:Musicians_from_Pittsburgh,_Pennsylvania
513	Cassandra_Wilson	Cassandra Wilson	dct:subject	dbc:Musicians_from_Mississippi
513	Cassandra_Wilson	Cassandra Wilson	dct:subject	dbc:People_from_Jackson,_Mississippi
1771	Lyle_Mays	Lyle Mays	dct:subject	dbc:People_from_Marinette_County,_Wisconsin
1771	Lyle_Mays	Lyle Mays	dct:subject	dbc:Musicians_from_Wisconsin
3784	Wayne_Coyne	Wayne Coyne	dct:subject	dbc:Musicians_from_Norman,_Oklahoma
3784	Wayne_Coyne	Wayne Coyne	dct:subject	dbc:Musicians_from_Pittsburgh,_Pennsylvania
3784	Wayne_Coyne	Wayne Coyne	dct:subject	dbc:Singers_from_Pennsylvania
3784	Wayne_Coyne	Wayne Coyne	dct:subject	dbc:Songwriters_from_Oklahoma
3784	Wayne_Coyne	Wayne Coyne	dct:subject	dbc:Songwriters_from_Pennsylvania
763	Dolores_O%27Riordan	Dolores O'Riordan	dct:subject	dbc:Musicians_from_County_Limerick
771	Don_Martin_(cartoonist)	Don Martin (cartoonist)	dct:subject	dbc:Artists_from_Miami,_Florida
771	Don_Martin_(cartoonist)	Don Martin (cartoonist)	dct:subject	dbc:People_from_Paterson,_New_Jersey
705	David_Sanborn	David Sanborn	dct:subject	dbc:Musicians_from_Tampa,_Florida
705	David_Sanborn	David Sanborn	dct:subject	dbc:People_from_St._Louis_County,_Missouri
2925	The_Mars_Volta	The Mars Volta	dct:subject	dbc:Rock_music_groups_from_Texas
798	Dreams_Come_True_(band)	Dreams Come True (band)	dct:subject	dbc:Musical_groups_from_Tokyo
774	Donald_Fagen	Donald Fagen	dct:subject	dbc:People_from_Fair_Lawn,_New_Jersey
774	Donald_Fagen	Donald Fagen	dct:subject	dbc:People_from_Passaic,_New_Jersey
774	Donald_Fagen	Donald Fagen	dct:subject	dbc:People_from_South_Brunswick,_New_Jersey
774	Donald_Fagen	Donald Fagen	dct:subject	dbc:Songwriters_from_New_Jersey
767	Don_Cheadle	Don Cheadle	dct:subject	dbc:Film_directors_from_Missouri
767	Don_Cheadle	Don Cheadle	dct:subject	dbc:Male_actors_from_Missouri
767	Don_Cheadle	Don Cheadle	dct:subject	dbc:Male_actors_from_Denver,_Colorado
767	Don_Cheadle	Don Cheadle	dct:subject	dbc:Male_actors_from_Kansas_City,_Missouri
2374	Robert_Christgau	Robert Christgau	dct:subject	dbc:People_from_New_York_City
456	Brian_Blade	Brian Blade	dct:subject	dbc:Musicians_from_Shreveport,_Louisiana
456	Brian_Blade	Brian Blade	dct:subject	dbc:Writers_from_Shreveport,_Louisiana
2410	Roy_Haynes	Roy Haynes	dct:subject	dbc:Musicians_from_Boston,_Massachusetts
2164	Percy_Heath	Percy Heath	dct:subject	dbc:Musicians_from_Philadelphia,_Pennsylvania
2164	Percy_Heath	Percy Heath	dct:subject	dbc:Musicians_from_North_Carolina
2164	Percy_Heath	Percy Heath	dct:subject	dbc:People_from_Wilmington,_North_Carolina
2151	Paul_Chambers	Paul Chambers	dct:subject	dbc:Musicians_from_Pittsburgh,_Pennsylvania
154	Ahmad_Jamal	Ahmad Jamal	dct:subject	dbc:Musicians_from_Pittsburgh,_Pennsylvania
163	Al_Haig	Al Haig	dct:subject	dbc:People_from_Clifton,_New_Jersey
163	Al_Haig	Al Haig	dct:subject	dbc:Musicians_from_New_Jersey
163	Al_Haig	Al Haig	dct:subject	dbc:Jazz_musicians_from_New_York
686	Dave_Holland	Dave Holland	dct:subject	dbc:People_from_Wolverhampton
2122	Ottmar_Liebert	Ottmar Liebert	dct:subject	dbc:People_from_Santa_Fe,_New_Mexico
2122	Ottmar_Liebert	Ottmar Liebert	dct:subject	dbc:Musicians_from_New_Mexico
422	Bob_Murphy_(musician)	Bob Murphy (musician)	dct:subject	dbc:Musicians_from_Vancouver
1936	Miss_Kittin	Miss Kittin	dct:subject	dbc:People_from_Grenoble
874	Eric_Ericson	Eric Ericson	dct:subject	dbc:People_from_Borås
2791	Terry_Southern	Terry Southern	dct:subject	dbc:Writers_from_Texas
2791	Terry_Southern	Terry Southern	dct:subject	dbc:People_from_Alvarado,_Texas
241	Arthur_Russell_(musician)	Arthur Russell (musician)	dct:subject	dbc:People_from_Oskaloosa,_Iowa
241	Arthur_Russell_(musician)	Arthur Russell (musician)	dct:subject	dbc:LGBT_musicians_from_the_United_States
241	Arthur_Russell_(musician)	Arthur Russell (musician)	dct:subject	dbc:Musicians_from_Iowa
1030	Frank_T%C3%A9not	Frank Ténot	dct:subject	dbc:People_from_Mulhouse
2350	Return_to_Forever	Return to Forever	dct:subject	dbc:Musical_groups_from_New_York
3110	U._Srinivas	U. Srinivas	dct:subject	dbc:People_from_Chennai
3110	U._Srinivas	U. Srinivas	dct:subject	dbc:People_from_West_Godavari_district
1080	George_Kennedy	George Kennedy	dct:subject	dbc:People_from_Ada_County,_Idaho
1080	George_Kennedy	George Kennedy	dct:subject	dbc:Male_actors_from_New_York
1080	George_Kennedy	George Kennedy	dct:subject	dbc:People_from_Mineola,_New_York
263	Automatic_Man	Automatic Man	dct:subject	dbc:Progressive_rock_musical_groups_from_California
263	Automatic_Man	Automatic Man	dct:subject	dbc:Musical_groups_from_San_Francisco,_California
469	Bruce_Hornsby	Bruce Hornsby	dct:subject	dbc:Musicians_from_Los_Angeles,_California
469	Bruce_Hornsby	Bruce Hornsby	dct:subject	dbc:People_from_Williamsburg,_Virginia
469	Bruce_Hornsby	Bruce Hornsby	dct:subject	dbc:Singers_from_Virginia
469	Bruce_Hornsby	Bruce Hornsby	dct:subject	dbc:Songwriters_from_Virginia
637	Cornell_Dupree	Cornell Dupree	dct:subject	dbc:Musicians_from_Texas
637	Cornell_Dupree	Cornell Dupree	dct:subject	dbc:People_from_Fort_Worth,_Texas
1059	Gary_Bartz	Gary Bartz	dct:subject	dbc:Jazz_musicians_from_Maryland
1059	Gary_Bartz	Gary Bartz	dct:subject	dbc:Musicians_from_Baltimore,_Maryland
164	Al_Jarreau	Al Jarreau	dct:subject	dbc:People_from_Milwaukee,_Wisconsin
234	Art_Pepper	Art Pepper	dct:subject	dbc:People_from_Gardena,_California
234	Art_Pepper	Art Pepper	dct:subject	dbc:People_from_San_Pedro,_Los_Angeles
234	Art_Pepper	Art Pepper	dct:subject	dbc:Jazz_musicians_from_California
234	Art_Pepper	Art Pepper	dct:subject	dbc:People_from_Echo_Park,_Los_Angeles
3770	Walter_Bishop,_Jr.	Walter Bishop, Jr.	dct:subject	dbc:Jazz_musicians_from_California
3770	Walter_Bishop,_Jr.	Walter Bishop, Jr.	dct:subject	dbc:Jazz_musicians_from_New_York
2067	Nomeansno	Nomeansno	dct:subject	dbc:Musical_groups_from_Vancouver
765	Don_Alias	Don Alias	dct:subject	dbc:Musicians_from_New_York_City
2329	Red_Garland	Red Garland	dct:subject	dbc:Musicians_from_Dallas,_Texas
521	Cecil_McBee	Cecil McBee	dct:subject	dbc:People_from_Tulsa,_Oklahoma
482	Butch_Warren	Butch Warren	dct:subject	dbc:Musicians_from_Washington,_D.C.
1862	Michael_Brecker	Michael Brecker	dct:subject	dbc:People_from_Montgomery_County,_Pennsylvania
1862	Michael_Brecker	Michael Brecker	dct:subject	dbc:Musicians_from_Philadelphia,_Pennsylvania
1862	Michael_Brecker	Michael Brecker	dct:subject	dbc:People_from_Cheltenham,_Pennsylvania
1325	Jaki_Byard	Jaki Byard	dct:subject	dbc:Musicians_from_Massachusetts
1325	Jaki_Byard	Jaki Byard	dct:subject	dbc:People_from_Worcester,_Massachusetts
3987	Woody_Shaw	Woody Shaw	dct:subject	dbc:People_from_Newark,_New_Jersey
415	Bo_Stief	Bo Stief	dct:subject	dbc:Musicians_from_Copenhagen
3031	Tim_Hagans	Tim Hagans	dct:subject	dbc:People_from_Dayton,_Ohio
3791	Webster_Young	Webster Young	dct:subject	dbc:People_from_Columbia,_South_Carolina
334	Betty_Davis	Betty Davis	dct:subject	dbc:Musicians_from_Pittsburgh,_Pennsylvania
334	Betty_Davis	Betty Davis	dct:subject	dbc:People_from_Durham,_North_Carolina
334	Betty_Davis	Betty Davis	dct:subject	dbc:Singers_from_Pennsylvania
334	Betty_Davis	Betty Davis	dct:subject	dbc:Musicians_from_North_Carolina
2120	Osibisa	Osibisa	dct:subject	dbc:Musical_groups_from_London
766	Don_Byron	Don Byron	dct:subject	dbc:People_from_the_Bronx
1081	George_Russell_(composer)	George Russell (composer)	dct:subject	dbc:Musicians_from_Boston,_Massachusetts
1081	George_Russell_(composer)	George Russell (composer)	dct:subject	dbc:Musicians_from_Massachusetts
1081	George_Russell_(composer)	George Russell (composer)	dct:subject	dbc:People_from_Cincinnati,_Ohio
1081	George_Russell_(composer)	George Russell (composer)	dct:subject	dbc:Musicians_from_Ohio
1572	Lee_Konitz	Lee Konitz	dct:subject	dbc:Jazz_musicians_from_Illinois
1572	Lee_Konitz	Lee Konitz	dct:subject	dbc:Musicians_from_Chicago,_Illinois
1577	Lennie_Tristano	Lennie Tristano	dct:subject	dbc:Musicians_from_Chicago,_Illinois
1219	Howard_Johnson_(jazz_musician)	Howard Johnson (jazz musician)	dct:subject	dbc:Musicians_from_Montgomery,_Alabama
1408	Jimmy_Heath	Jimmy Heath	dct:subject	dbc:Musicians_from_Pennsylvania
1408	Jimmy_Heath	Jimmy Heath	dct:subject	dbc:People_from_Corona,_Queens
1385	Jeanne_Moreau	Jeanne Moreau	dct:subject	dbc:Actresses_from_Paris
1385	Jeanne_Moreau	Jeanne Moreau	dct:subject	dbc:Musicians_from_Paris
2048	Nic_Endo	Nic Endo	dct:subject	dbc:People_from_Frankfurt
2048	Nic_Endo	Nic Endo	dct:subject	dbc:Musicians_from_Berlin
2048	Nic_Endo	Nic Endo	dct:subject	dbc:People_from_Wichita_Falls,_Texas
1481	Joyce_Moreno_(musician)	Joyce Moreno (musician)	dct:subject	dbc:People_from_Rio_de_Janeiro_(city)
2129	Owsley_Stanley	Owsley Stanley	dct:subject	dbc:People_from_Kentucky
2129	Owsley_Stanley	Owsley Stanley	dct:subject	dbc:People_from_Far_North_Queensland
2543	Sonny_Stitt	Sonny Stitt	dct:subject	dbc:Musicians_from_Boston,_Massachusetts
2543	Sonny_Stitt	Sonny Stitt	dct:subject	dbc:People_from_Saginaw,_Michigan
2555	Soupy_Sales	Soupy Sales	dct:subject	dbc:People_from_Franklinton,_North_Carolina
2555	Soupy_Sales	Soupy Sales	dct:subject	dbc:Male_actors_from_North_Carolina
2555	Soupy_Sales	Soupy Sales	dct:subject	dbc:Male_actors_from_New_York_City
2555	Soupy_Sales	Soupy Sales	dct:subject	dbc:Radio_personalities_from_New_York_City
2555	Soupy_Sales	Soupy Sales	dct:subject	dbc:People_from_Huntington,_West_Virginia
1084	George_Wallington	George Wallington	dct:subject	dbc:People_from_Palermo
1084	George_Wallington	George Wallington	dct:subject	dbc:People_from_Cape_Coral,_Florida
1303	Ivy_(band)	Ivy (band)	dct:subject	dbc:Musical_groups_from_New_York_City
1303	Ivy_(band)	Ivy (band)	dct:subject	dbc:Indie_pop_groups_from_New_York
834	Eddie_Harris	Eddie Harris	dct:subject	dbc:Jazz_musicians_from_Illinois
834	Eddie_Harris	Eddie Harris	dct:subject	dbc:Musicians_from_Chicago,_Illinois
1143	Greg_Osby	Greg Osby	dct:subject	dbc:Musicians_from_St._Louis,_Missouri
837	Eddie_Kramer	Eddie Kramer	dct:subject	dbc:People_from_Cape_Town
432	Bobby_Troup	Bobby Troup	dct:subject	dbc:Jazz_musicians_from_California
432	Bobby_Troup	Bobby Troup	dct:subject	dbc:People_from_Harrisburg,_Pennsylvania
432	Bobby_Troup	Bobby Troup	dct:subject	dbc:Singers_from_Pennsylvania
562	Chris_Botti	Chris Botti	dct:subject	dbc:Musicians_from_Corvallis,_Oregon
1118	Graham_Fitkin	Graham Fitkin	dct:subject	dbc:People_from_St_Buryan
2359	Rick_Braun	Rick Braun	dct:subject	dbc:People_from_Allentown,_Pennsylvania
2359	Rick_Braun	Rick Braun	dct:subject	dbc:Musicians_from_Pennsylvania
2130	Paco_de_Luc%C3%ADa	Paco de Lucía	dct:subject	dbc:People_from_Algeciras
1487	Juliette_Gr%C3%A9co	Juliette Gréco	dct:subject	dbc:People_from_Montpellier
3055	Tomasz_Sta%C5%84ko	Tomasz Stańko	dct:subject	dbc:People_from_Rzeszów
3069	Toots_Thielemans	Toots Thielemans	dct:subject	dbc:People_from_Brussels
3069	Toots_Thielemans	Toots Thielemans	dct:subject	dbc:People_from_Uccle
3107	Tuxedomoon	Tuxedomoon	dct:subject	dbc:Musical_groups_from_San_Francisco,_California
223	Anton_Corbijn	Anton Corbijn	dct:subject	dbc:People_from_Strijen
1351	Jazz_at_Lincoln_Center	Jazz at Lincoln Center	dct:subject	dbc:Jazz_musicians_from_New_York
2758	Ted_Curson	Ted Curson	dct:subject	dbc:Musicians_from_Philadelphia,_Pennsylvania
323	Bennie_Maupin	Bennie Maupin	dct:subject	dbc:Musicians_from_Detroit,_Michigan
2415	Rudy_Van_Gelder	Rudy Van Gelder	dct:subject	dbc:People_from_Jersey_City,_New_Jersey
2415	Rudy_Van_Gelder	Rudy Van Gelder	dct:subject	dbc:People_from_Hackensack,_New_Jersey
2415	Rudy_Van_Gelder	Rudy Van Gelder	dct:subject	dbc:People_from_Englewood_Cliffs,_New_Jersey
287	Banyan_(band)	Banyan (band)	dct:subject	dbc:Alternative_rock_groups_from_California
1822	Martha_Tilton	Martha Tilton	dct:subject	dbc:People_from_the_Greater_Los_Angeles_Area
1822	Martha_Tilton	Martha Tilton	dct:subject	dbc:People_from_Corpus_Christi,_Texas
1390	Jeff_Porcaro	Jeff Porcaro	dct:subject	dbc:People_from_South_Windsor,_Connecticut
1390	Jeff_Porcaro	Jeff Porcaro	dct:subject	dbc:Musicians_from_Hartford,_Connecticut
2381	Robert_Palmer_(writer)	Robert Palmer (writer)	dct:subject	dbc:Writers_from_Little_Rock,_Arkansas
2381	Robert_Palmer_(writer)	Robert Palmer (writer)	dct:subject	dbc:People_from_Valhalla,_New_York
1116	Grady_Tate	Grady Tate	dct:subject	dbc:People_from_Durham,_North_Carolina
1182	Henry_Kaiser_(musician)	Henry Kaiser (musician)	dct:subject	dbc:Musicians_from_Oakland,_California
1519	Kenny_Garrett	Kenny Garrett	dct:subject	dbc:Musicians_from_Detroit,_Michigan
2012	Myles_Kennedy	Myles Kennedy	dct:subject	dbc:Musicians_from_Washington_(state)
2012	Myles_Kennedy	Myles Kennedy	dct:subject	dbc:People_from_Spokane,_Washington
2012	Myles_Kennedy	Myles Kennedy	dct:subject	dbc:Songwriters_from_Washington_(state)
1864	Michael_Daugherty	Michael Daugherty	dct:subject	dbc:Musicians_from_Michigan
1864	Michael_Daugherty	Michael Daugherty	dct:subject	dbc:Musicians_from_Cedar_Rapids,_Iowa
4019	Zucchero_Fornaciari	Zucchero Fornaciari	dct:subject	dbc:People_from_Reggio_Emilia
165	Al_Jourgensen	Al Jourgensen	dct:subject	dbc:People_from_Havana
165	Al_Jourgensen	Al Jourgensen	dct:subject	dbc:People_from_Summit_County,_Colorado
165	Al_Jourgensen	Al Jourgensen	dct:subject	dbc:Musicians_from_Chicago,_Illinois
165	Al_Jourgensen	Al Jourgensen	dct:subject	dbc:Musicians_from_Colorado
1878	Mike_Keneally	Mike Keneally	dct:subject	dbc:People_from_Long_Island
109	A.R._Kane	A.R. Kane	dct:subject	dbc:Musical_groups_from_London
1425	Joe_Lee_Wilson	Joe Lee Wilson	dct:subject	dbc:People_from_Bristow,_Oklahoma
1556	Larry_Rivers	Larry Rivers	dct:subject	dbc:Artists_from_New_York_City
1556	Larry_Rivers	Larry Rivers	dct:subject	dbc:People_from_Manhattan
1556	Larry_Rivers	Larry Rivers	dct:subject	dbc:People_from_the_Bronx
833	Eddie_G%C3%B3mez	Eddie Gómez	dct:subject	dbc:People_from_Santurce,_Puerto_Rico
833	Eddie_G%C3%B3mez	Eddie Gómez	dct:subject	dbc:Musicians_from_San_Juan,_Puerto_Rico
2651	Symphony_Sid	Symphony Sid	dct:subject	dbc:Musicians_from_New_York_City
1470	Jon_Foreman	Jon Foreman	dct:subject	dbc:Singers_from_California
424	Bob_Satterfield	Bob Satterfield	dct:subject	dbc:Sportspeople_from_Chicago,_Illinois
424	Bob_Satterfield	Bob Satterfield	dct:subject	dbc:Boxers_from_Missouri
1875	Mick_Harris	Mick Harris	dct:subject	dbc:People_from_Birmingham,_West_Midlands
689	David_Amram	David Amram	dct:subject	dbc:Musicians_from_Philadelphia,_Pennsylvania
1579	Lenny_White	Lenny White	dct:subject	dbc:People_from_Teaneck,_New_Jersey
2059	Nils_Petter_Molv%C3%A6r	Nils Petter Molvær	dct:subject	dbc:Musicians_from_Langevåg
373	Billy_Taylor	Billy Taylor	dct:subject	dbc:Musicians_from_Washington,_D.C.
373	Billy_Taylor	Billy Taylor	dct:subject	dbc:Radio_personalities_from_New_York
373	Billy_Taylor	Billy Taylor	dct:subject	dbc:Musicians_from_North_Carolina
373	Billy_Taylor	Billy Taylor	dct:subject	dbc:People_from_Greenville,_North_Carolina
333	Betty_Carter	Betty Carter	dct:subject	dbc:Musicians_from_Detroit,_Michigan
333	Betty_Carter	Betty Carter	dct:subject	dbc:Songwriters_from_Michigan
333	Betty_Carter	Betty Carter	dct:subject	dbc:Musicians_from_Flint,_Michigan
1308	Jack_Chambers_(linguist)	Jack Chambers (linguist)	dct:subject	dbc:People_from_Grimsby,_Ontario
1406	Jimmy_Cobb	Jimmy Cobb	dct:subject	dbc:Musicians_from_Washington,_D.C.
773	Don_Was	Don Was	dct:subject	dbc:People_from_Oak_Park,_Michigan
773	Don_Was	Don Was	dct:subject	dbc:Musicians_from_Detroit,_Michigan
2423	Saetia	Saetia	dct:subject	dbc:Musical_groups_from_New_York
1865	Michael_Franks_(musician)	Michael Franks (musician)	dct:subject	dbc:Jazz_musicians_from_California
1865	Michael_Franks_(musician)	Michael Franks (musician)	dct:subject	dbc:People_from_La_Jolla,_San_Diego
3769	Wallace_Roney	Wallace Roney	dct:subject	dbc:People_from_Philadelphia,_Pennsylvania
1554	Larry_Carlton	Larry Carlton	dct:subject	dbc:Musicians_from_Torrance,_California
3752	Verdine_White	Verdine White	dct:subject	dbc:Musicians_from_Chicago,_Illinois
1539	Kris_Defoort	Kris Defoort	dct:subject	dbc:People_from_Bruges
1003	Flora_Purim	Flora Purim	dct:subject	dbc:Musicians_from_Rio_de_Janeiro_(city)
1536	Kitchens_of_Distinction	Kitchens of Distinction	dct:subject	dbc:LGBT_musicians_from_England
1536	Kitchens_of_Distinction	Kitchens of Distinction	dct:subject	dbc:Musical_groups_from_London
862	Emily_Remler	Emily Remler	dct:subject	dbc:People_from_New_York_City
460	Brian_Viglione	Brian Viglione	dct:subject	dbc:Musicians_from_New_Hampshire
460	Brian_Viglione	Brian Viglione	dct:subject	dbc:LGBT_rights_activists_from_the_United_States
460	Brian_Viglione	Brian Viglione	dct:subject	dbc:People_from_Greenville,_New_Hampshire
420	Bob_Dorough	Bob Dorough	dct:subject	dbc:Musicians_from_Arkansas
420	Bob_Dorough	Bob Dorough	dct:subject	dbc:Singers_from_Texas
1019	Fran_Landesman	Fran Landesman	dct:subject	dbc:People_from_St._Louis,_Missouri
878	Ernest_Dickerson	Ernest Dickerson	dct:subject	dbc:People_from_Newark,_New_Jersey
2425	Salvatore_Camarata	Salvatore Camarata	dct:subject	dbc:People_from_Glen_Ridge,_New_Jersey
732	Derek_Trucks	Derek Trucks	dct:subject	dbc:Musicians_from_Jacksonville,_Florida
2792	Terry_Teachout	Terry Teachout	dct:subject	dbc:People_from_Sikeston,_Missouri
2792	Terry_Teachout	Terry Teachout	dct:subject	dbc:People_from_the_Kansas_City_metropolitan_area
2792	Terry_Teachout	Terry Teachout	dct:subject	dbc:People_from_Cape_Girardeau,_Missouri
2792	Terry_Teachout	Terry Teachout	dct:subject	dbc:Writers_from_Missouri
220	Anne_Teresa_De_Keersmaeker	Anne Teresa De Keersmaeker	dct:subject	dbc:People_from_Mechelen
531	Charles_Lloyd_(jazz_musician)	Charles Lloyd (jazz musician)	dct:subject	dbc:Jazz_musicians_from_California
531	Charles_Lloyd_(jazz_musician)	Charles Lloyd (jazz musician)	dct:subject	dbc:Musicians_from_Tennessee
687	Dave_Liebman	Dave Liebman	dct:subject	dbc:People_from_Brooklyn
1664	List_of_people_from_Oklahoma	List of people from Oklahoma	dct:subject	dbc:Lists_of_people_from_Oklahoma
2184	Philip_Bailey	Philip Bailey	dct:subject	dbc:Musicians_from_Denver,_Colorado
3054	Tom_Vaughn_(musician)	Tom Vaughn (musician)	dct:subject	dbc:Musicians_from_Michigan
3054	Tom_Vaughn_(musician)	Tom Vaughn (musician)	dct:subject	dbc:People_from_Benton,_Kentucky
3054	Tom_Vaughn_(musician)	Tom Vaughn (musician)	dct:subject	dbc:People_from_Pontiac,_Michigan
3054	Tom_Vaughn_(musician)	Tom Vaughn (musician)	dct:subject	dbc:People_from_Midland,_Michigan
2116	Oscar_Brown	Oscar Brown	dct:subject	dbc:Singers_from_Chicago,_Illinois
1100	Gilad_Atzmon	Gilad Atzmon	dct:subject	dbc:People_from_Tel_Aviv
857	Elwood_Buchanan	Elwood Buchanan	dct:subject	dbc:People_from_St._Louis,_Missouri
1415	Jo_Lustig	Jo Lustig	dct:subject	dbc:People_from_Brooklyn
2001	My_Funny_Valentine	My Funny Valentine	dct:subject	dbc:Songs_from_Babes_in_Arms
2001	My_Funny_Valentine	My Funny Valentine	dct:subject	dbc:Songs_from_Pal_Joey_(film)
1241	Ian_Carr	Ian Carr	dct:subject	dbc:People_from_Dumfries
3061	Tommy_Smith_(saxophonist)	Tommy Smith (saxophonist)	dct:subject	dbc:Musicians_from_Edinburgh
417	Bob_Berg	Bob Berg	dct:subject	dbc:Musicians_from_Brooklyn
370	Billy_Paul	Billy Paul	dct:subject	dbc:People_from_Philadelphia,_Pennsylvania
257	Athan_Maroulis	Athan Maroulis	dct:subject	dbc:People_from_Brooklyn
349	Bill_Cole	Bill Cole	dct:subject	dbc:Musicians_from_Pittsburgh,_Pennsylvania
1758	Love_for_Sale_(song)	Love for Sale (song)	dct:subject	dbc:Songs_from_The_New_Yorkers
1881	Mike_Stern	Mike Stern	dct:subject	dbc:Musicians_from_Boston,_Massachusetts
1760	Love_Me_or_Leave_Me_(Donaldson_and_Kahn_song)	Love Me or Leave Me (Donaldson and Kahn song)	dct:subject	dbc:Songs_from_musicals
2077	Ntozake_Shange	Ntozake Shange	dct:subject	dbc:Writers_from_New_Jersey
2358	Richie_Powell	Richie Powell	dct:subject	dbc:Musicians_from_New_York_City
2193	Pierre_Michelot	Pierre Michelot	dct:subject	dbc:People_from_Saint-Denis
668	D_Train_(music_group)	D Train (music group)	dct:subject	dbc:Electronic_music_groups_from_New_York
1591	Lester_Young	Lester Young	dct:subject	dbc:People_from_Woodville,_Mississippi
1591	Lester_Young	Lester Young	dct:subject	dbc:People_from_Kansas_City,_Missouri
1591	Lester_Young	Lester Young	dct:subject	dbc:Musicians_from_New_Orleans,_Louisiana
2662	Takahito_Eguchi	Takahito Eguchi	dct:subject	dbc:People_from_Nagasaki
1180	Helen_Merrill	Helen Merrill	dct:subject	dbc:Singers_from_New_York_City
1171	Harvey_Mason	Harvey Mason	dct:subject	dbc:People_from_Atlantic_City,_New_Jersey
1831	Mati_Klarwein	Mati Klarwein	dct:subject	dbc:People_from_Hamburg
1075	George_Coleman	George Coleman	dct:subject	dbc:Musicians_from_Memphis,_Tennessee
275	Badal_Roy	Badal Roy	dct:subject	dbc:People_from_East_Brunswick,_New_Jersey
836	Eddie_Jefferson	Eddie Jefferson	dct:subject	dbc:Musicians_from_Pittsburgh,_Pennsylvania
836	Eddie_Jefferson	Eddie Jefferson	dct:subject	dbc:Singers_from_Pennsylvania
2866	The_Electric_Flag	The Electric Flag	dct:subject	dbc:Rock_music_groups_from_Illinois
666	Curtis_Fuller	Curtis Fuller	dct:subject	dbc:Musicians_from_Detroit,_Michigan
579	Cindy_Blackman	Cindy Blackman	dct:subject	dbc:People_from_Yellow_Springs,_Ohio
1312	Jack_Douglas_(record_producer)	Jack Douglas (record producer)	dct:subject	dbc:People_from_New_York_City
998	Fleur_Maxwell	Fleur Maxwell	dct:subject	dbc:People_from_Dudelange
707	David_Was	David Was	dct:subject	dbc:Musicians_from_Detroit,_Michigan
2152	Paul_Jackson_(bassist)	Paul Jackson (bassist)	dct:subject	dbc:Musicians_from_Oakland,_California
319	Ben_Sidran	Ben Sidran	dct:subject	dbc:Musicians_from_Chicago,_Illinois
319	Ben_Sidran	Ben Sidran	dct:subject	dbc:People_from_Madison,_Wisconsin
319	Ben_Sidran	Ben Sidran	dct:subject	dbc:People_from_Racine,_Wisconsin
319	Ben_Sidran	Ben Sidran	dct:subject	dbc:Musicians_from_Wisconsin
1581	Leo_Sidran	Leo Sidran	dct:subject	dbc:People_from_Madison,_Wisconsin
698	David_Hume_Kennerly	David Hume Kennerly	dct:subject	dbc:Photographers_from_Oregon
698	David_Hume_Kennerly	David Hume Kennerly	dct:subject	dbc:People_from_Roseburg,_Oregon
1416	Joaqu%C3%ADn_Rodrigo	Joaquín Rodrigo	dct:subject	dbc:People_from_Sagunto
295	Barry_Harris	Barry Harris	dct:subject	dbc:People_from_Weehawken,_New_Jersey
295	Barry_Harris	Barry Harris	dct:subject	dbc:Musicians_from_Detroit,_Michigan
1810	Mario_Bauz%C3%A1	Mario Bauzá	dct:subject	dbc:People_from_Havana
1810	Mario_Bauz%C3%A1	Mario Bauzá	dct:subject	dbc:People_from_New_York_City
1665	List_of_people_from_St._Louis	List of people from St. Louis	dct:subject	dbc:Lists_of_people_from_Missouri
1665	List_of_people_from_St._Louis	List of people from St. Louis	dct:subject	dbc:People_from_St._Louis,_Missouri
342	Biff_Henderson	Biff Henderson	dct:subject	dbc:People_from_Durham,_North_Carolina
620	Conrad_Herwig	Conrad Herwig	dct:subject	dbc:Musicians_from_New_York_City
620	Conrad_Herwig	Conrad Herwig	dct:subject	dbc:People_from_Lawton,_Oklahoma
2300	Quincy_Troupe	Quincy Troupe	dct:subject	dbc:Poets_from_Illinois
2300	Quincy_Troupe	Quincy Troupe	dct:subject	dbc:People_from_St._Clair_County,_Illinois
2300	Quincy_Troupe	Quincy Troupe	dct:subject	dbc:Poets_from_California
2300	Quincy_Troupe	Quincy Troupe	dct:subject	dbc:Poets_from_Missouri
1432	Joey_DeFrancesco	Joey DeFrancesco	dct:subject	dbc:Musicians_from_Arizona
1432	Joey_DeFrancesco	Joey DeFrancesco	dct:subject	dbc:Musicians_from_Pennsylvania
1432	Joey_DeFrancesco	Joey DeFrancesco	dct:subject	dbc:People_from_Delaware_County,_Pennsylvania
1432	Joey_DeFrancesco	Joey DeFrancesco	dct:subject	dbc:People_from_Scottsdale,_Arizona
682	Darryl_Jones	Darryl Jones	dct:subject	dbc:Musicians_from_Chicago,_Illinois
784	Doudou_N%27Diaye_Rose	Doudou N'Diaye Rose	dct:subject	dbc:People_from_Dakar
789	Doyle_Bramhall_II	Doyle Bramhall II	dct:subject	dbc:Musicians_from_Dallas,_Texas
1333	James_Purdy	James Purdy	dct:subject	dbc:People_from_Findlay,_Ohio
1333	James_Purdy	James Purdy	dct:subject	dbc:People_from_Defiance_County,_Ohio
1333	James_Purdy	James Purdy	dct:subject	dbc:People_from_Lewisburg,_West_Virginia
1333	James_Purdy	James Purdy	dct:subject	dbc:American_military_personnel_from_West_Virginia
1333	James_Purdy	James Purdy	dct:subject	dbc:American_military_personnel_from_Wisconsin
1333	James_Purdy	James Purdy	dct:subject	dbc:Educators_from_New_York
1333	James_Purdy	James Purdy	dct:subject	dbc:LGBT_writers_from_the_United_States
1333	James_Purdy	James Purdy	dct:subject	dbc:Writers_from_Brooklyn
1333	James_Purdy	James Purdy	dct:subject	dbc:Writers_from_Chicago,_Illinois
1333	James_Purdy	James Purdy	dct:subject	dbc:Writers_from_Ohio
1333	James_Purdy	James Purdy	dct:subject	dbc:Writers_from_Wisconsin
1333	James_Purdy	James Purdy	dct:subject	dbc:Military_personnel_from_New_York_City
1543	Kyle_Eastwood	Kyle Eastwood	dct:subject	dbc:Musicians_from_Los_Angeles,_California
814	Dwele	Dwele	dct:subject	dbc:Musicians_from_Detroit,_Michigan
1559	Larry_Young_(musician)	Larry Young (musician)	dct:subject	dbc:People_from_Newark,_New_Jersey
1850	Merl_Saunders	Merl Saunders	dct:subject	dbc:People_from_San_Mateo_County,_California
1426	Joe_Messina	Joe Messina	dct:subject	dbc:Musicians_from_Detroit,_Michigan
159	Airto_Moreira	Airto Moreira	dct:subject	dbc:People_from_Santa_Catarina_(state)
3756	Victor_Feldman	Victor Feldman	dct:subject	dbc:People_from_Woodland_Hills,_Los_Angeles
3756	Victor_Feldman	Victor Feldman	dct:subject	dbc:People_from_Edgware
535	Charles_Thompson_(jazz)	Charles Thompson (jazz)	dct:subject	dbc:Musicians_from_Ohio
535	Charles_Thompson_(jazz)	Charles Thompson (jazz)	dct:subject	dbc:People_from_Springfield,_Ohio
1243	Idrees_Sulieman	Idrees Sulieman	dct:subject	dbc:Musicians_from_St._Petersburg,_Florida
3056	Tommy_Flanagan	Tommy Flanagan	dct:subject	dbc:Musicians_from_Detroit,_Michigan
1386	Jeff_Beal	Jeff Beal	dct:subject	dbc:People_from_Hayward,_California
2319	Ray_Bryant	Ray Bryant	dct:subject	dbc:Musicians_from_Philadelphia,_Pennsylvania
193	Alphonse_Mouzon	Alphonse Mouzon	dct:subject	dbc:People_from_Charleston,_South_Carolina
2485	Shirley_Horn	Shirley Horn	dct:subject	dbc:Musicians_from_Washington,_D.C.
322	Bennie_Green	Bennie Green	dct:subject	dbc:Musicians_from_Chicago,_Illinois
2955	The_Plot_to_Blow_Up_the_Eiffel_Tower	The Plot to Blow Up the Eiffel Tower	dct:subject	dbc:Musical_groups_from_San_Diego,_California
2389	Roddy_Lorimer	Roddy Lorimer	dct:subject	dbc:Musicians_from_Glasgow
1008	Foley_(musician)	Foley (musician)	dct:subject	dbc:Musicians_from_Columbus,_Ohio
2598	Steve_Reid	Steve Reid	dct:subject	dbc:People_from_Queens,_New_York
1917	Miles_Dewey_Davis,_Jr.	Miles Dewey Davis, Jr.	dct:subject	dbc:People_from_Jefferson_County,_Arkansas
1917	Miles_Dewey_Davis,_Jr.	Miles Dewey Davis, Jr.	dct:subject	dbc:People_from_St._Clair_County,_Illinois
421	Bob_Mintzer	Bob Mintzer	dct:subject	dbc:Musicians_from_New_Rochelle,_New_York
876	Eric_Nisenson	Eric Nisenson	dct:subject	dbc:People_from_Rye,_New_York
876	Eric_Nisenson	Eric Nisenson	dct:subject	dbc:Writers_from_New_York
1062	Gary_Thomas_(musician)	Gary Thomas (musician)	dct:subject	dbc:Musicians_from_Baltimore,_Maryland
1419	Joe_Bonamassa	Joe Bonamassa	dct:subject	dbc:People_from_New_Hartford,_New_York
1419	Joe_Bonamassa	Joe Bonamassa	dct:subject	dbc:Musicians_from_New_York
1419	Joe_Bonamassa	Joe Bonamassa	dct:subject	dbc:People_from_Utica,_New_York
2312	Randy_Brecker	Randy Brecker	dct:subject	dbc:Musicians_from_Philadelphia,_Pennsylvania
2312	Randy_Brecker	Randy Brecker	dct:subject	dbc:People_from_Cheltenham,_Pennsylvania
2980	The_Surrey_with_the_Fringe_on_Top	The Surrey with the Fringe on Top	dct:subject	dbc:Songs_from_Oklahoma!
505	Carl_Hancock_Rux	Carl Hancock Rux	dct:subject	dbc:Writers_from_New_York_City
1472	Jon_Stevens	Jon Stevens	dct:subject	dbc:People_from_Upper_Hutt
1407	Jimmy_Forrest	Jimmy Forrest	dct:subject	dbc:Musicians_from_St._Louis,_Missouri
3058	Tommy_LiPuma	Tommy LiPuma	dct:subject	dbc:People_from_Cleveland,_Ohio
1072	George_Avakian	George Avakian	dct:subject	dbc:People_from_Armavir,_Russia
224	Anton_Fig	Anton Fig	dct:subject	dbc:People_from_New_York_City
224	Anton_Fig	Anton Fig	dct:subject	dbc:People_from_Cape_Town
3977	William_Vacchiano	William Vacchiano	dct:subject	dbc:Musicians_from_Portland,_Maine
2426	Sam_Gilliam	Sam Gilliam	dct:subject	dbc:Artists_from_Mississippi
2426	Sam_Gilliam	Sam Gilliam	dct:subject	dbc:Artists_from_Louisville,_Kentucky
2426	Sam_Gilliam	Sam Gilliam	dct:subject	dbc:Painters_from_Kentucky
1332	James_Mtume	James Mtume	dct:subject	dbc:Musicians_from_Philadelphia,_Pennsylvania
1332	James_Mtume	James Mtume	dct:subject	dbc:People_from_Philadelphia,_Pennsylvania
1029	Frank_Strozier	Frank Strozier	dct:subject	dbc:People_from_Memphis,_Tennessee
2419	Russell_Mills_(artist)	Russell Mills (artist)	dct:subject	dbc:People_from_Ripon
425	Bob_Weinstock	Bob Weinstock	dct:subject	dbc:People_from_Deerfield_Beach,_Florida
425	Bob_Weinstock	Bob Weinstock	dct:subject	dbc:People_from_Manhattan
425	Bob_Weinstock	Bob Weinstock	dct:subject	dbc:People_from_Englewood,_New_Jersey
696	David_Hazeltine	David Hazeltine	dct:subject	dbc:People_from_Milwaukee,_Wisconsin
1427	Joe_Sample	Joe Sample	dct:subject	dbc:Musicians_from_Houston,_Texas
1427	Joe_Sample	Joe Sample	dct:subject	dbc:Musicians_from_Texas
1427	Joe_Sample	Joe Sample	dct:subject	dbc:People_from_Houston,_Texas
1427	Joe_Sample	Joe Sample	dct:subject	dbc:People_from_Texas
1399	Jessica_Williams_(musician)	Jessica Williams (musician)	dct:subject	dbc:Musicians_from_Baltimore,_Maryland
1399	Jessica_Williams_(musician)	Jessica Williams (musician)	dct:subject	dbc:Musicians_from_the_San_Francisco_Bay_Area
316	Ben_Allison	Ben Allison	dct:subject	dbc:Musicians_from_New_Haven,_Connecticut
450	Brad_Mehldau	Brad Mehldau	dct:subject	dbc:Musicians_from_Jacksonville,_Florida
450	Brad_Mehldau	Brad Mehldau	dct:subject	dbc:People_from_West_Hartford,_Connecticut
2181	Phil_Schaap	Phil Schaap	dct:subject	dbc:Radio_personalities_from_New_York_City
2473	Shack_(band)	Shack (band)	dct:subject	dbc:Musical_groups_from_Liverpool
1849	Melody_Gardot	Melody Gardot	dct:subject	dbc:Musicians_from_Philadelphia,_Pennsylvania
1849	Melody_Gardot	Melody Gardot	dct:subject	dbc:People_from_Philadelphia,_Pennsylvania
1849	Melody_Gardot	Melody Gardot	dct:subject	dbc:Singers_from_Pennsylvania
3985	Wojciech_Karolak	Wojciech Karolak	dct:subject	dbc:Musicians_from_Warsaw
1291	Irwin_Silber	Irwin Silber	dct:subject	dbc:Writers_from_Oakland,_California
1291	Irwin_Silber	Irwin Silber	dct:subject	dbc:Activists_from_the_San_Francisco_Bay_Area
4016	Zoobombs	Zoobombs	dct:subject	dbc:Musical_groups_from_Tokyo
1941	Mocean_Worker	Mocean Worker	dct:subject	dbc:Musicians_from_Philadelphia,_Pennsylvania
1860	Michael_Azerrad	Michael Azerrad	dct:subject	dbc:Writers_from_New_York_City
2364	Rico_Love	Rico Love	dct:subject	dbc:Songwriters_from_Wisconsin
2364	Rico_Love	Rico Love	dct:subject	dbc:People_from_Harlem
2364	Rico_Love	Rico Love	dct:subject	dbc:People_from_Milwaukee,_Wisconsin
2364	Rico_Love	Rico Love	dct:subject	dbc:R&B_musicians_from_New_Orleans
3053	Tom_Varner	Tom Varner	dct:subject	dbc:Musicians_from_Washington_(state)
3053	Tom_Varner	Tom Varner	dct:subject	dbc:People_from_Seattle,_Washington
3053	Tom_Varner	Tom Varner	dct:subject	dbc:People_from_Morristown,_New_Jersey
2449	Scott_Mathews	Scott Mathews	dct:subject	dbc:People_from_Sacramento,_California
2449	Scott_Mathews	Scott Mathews	dct:subject	dbc:Songwriters_from_California
1833	Matt_Uelmen	Matt Uelmen	dct:subject	dbc:Musicians_from_Los_Angeles,_California
369	Billy_Hart	Billy Hart	dct:subject	dbc:Musicians_from_Washington,_D.C.
704	David_S%C3%A1nchez_(musician)	David Sánchez (musician)	dct:subject	dbc:People_from_Guaynabo,_Puerto_Rico
1514	Ken_Colyer	Ken Colyer	dct:subject	dbc:Musicians_from_London
1514	Ken_Colyer	Ken Colyer	dct:subject	dbc:People_deported_from_the_United_States
1514	Ken_Colyer	Ken Colyer	dct:subject	dbc:People_from_Soho
1469	Jon_Ballantyne	Jon Ballantyne	dct:subject	dbc:Musicians_from_Saskatchewan
1488	Julius_Watkins	Julius Watkins	dct:subject	dbc:Musicians_from_Detroit,_Michigan
1465	Johnny_Echols	Johnny Echols	dct:subject	dbc:People_from_Memphis,_Tennessee
1245	If_I_Were_a_Bell	If I Were a Bell	dct:subject	dbc:Songs_from_Guys_and_Dolls
419	Bob_Cato	Bob Cato	dct:subject	dbc:Artists_from_Chicago,_Illinois
419	Bob_Cato	Bob Cato	dct:subject	dbc:Artists_from_New_Orleans,_Louisiana
419	Bob_Cato	Bob Cato	dct:subject	dbc:Artists_from_Philadelphia,_Pennsylvania
3978	Willie_Bobo	Willie Bobo	dct:subject	dbc:Artists_from_New_York
1474	Jonathan_Noyce	Jonathan Noyce	dct:subject	dbc:People_from_Sutton_Coldfield
770	Don_Elliott	Don Elliott	dct:subject	dbc:Musicians_from_New_Jersey
770	Don_Elliott	Don Elliott	dct:subject	dbc:People_from_Somerville,_New_Jersey
1524	Keziah_Jones	Keziah Jones	dct:subject	dbc:Musicians_from_Lagos
2196	Pink_Floyd	Pink Floyd	dct:subject	dbc:Musical_groups_from_London
2943	The_Open_(band)	The Open (band)	dct:subject	dbc:Musical_groups_from_Liverpool
328	Bernard_Purdie	Bernard Purdie	dct:subject	dbc:People_from_Teaneck,_New_Jersey
328	Bernard_Purdie	Bernard Purdie	dct:subject	dbc:People_from_Springfield_Township,_Union_County,_New_Jersey
328	Bernard_Purdie	Bernard Purdie	dct:subject	dbc:People_from_Edison,_New_Jersey
328	Bernard_Purdie	Bernard Purdie	dct:subject	dbc:People_from_Elkton,_Maryland
1879	Mike_Ratledge	Mike Ratledge	dct:subject	dbc:Musicians_from_Kent
1879	Mike_Ratledge	Mike Ratledge	dct:subject	dbc:People_from_Maidstone
2752	Tandyn_Almer	Tandyn Almer	dct:subject	dbc:People_from_Minneapolis,_Minnesota
2752	Tandyn_Almer	Tandyn Almer	dct:subject	dbc:Songwriters_from_Minnesota
558	Chico_Freeman	Chico Freeman	dct:subject	dbc:Musicians_from_Chicago,_Illinois
474	Buddy_Collette	Buddy Collette	dct:subject	dbc:Jazz_musicians_from_California
474	Buddy_Collette	Buddy Collette	dct:subject	dbc:Musicians_from_Los_Angeles,_California
1866	Michael_Henderson	Michael Henderson	dct:subject	dbc:People_from_Mississippi
2528	Someday_My_Prince_Will_Come	Someday My Prince Will Come	dct:subject	dbc:Songs_from_Snow_White_and_the_Seven_Dwarfs
699	David_Immergl%C3%BCck	David Immerglück	dct:subject	dbc:Musicians_from_the_San_Francisco_Bay_Area
699	David_Immergl%C3%BCck	David Immerglück	dct:subject	dbc:People_from_Alameda,_California
566	Chris_Duarte	Chris Duarte	dct:subject	dbc:People_from_San_Antonio,_Texas
566	Chris_Duarte	Chris Duarte	dct:subject	dbc:Songwriters_from_Texas
843	Eiko_Ishioka	Eiko Ishioka	dct:subject	dbc:People_from_Tokyo
3122	Unravelled_Broken_Orchestra	Unravelled Broken Orchestra	dct:subject	dbc:Musical_groups_from_Winnipeg
2391	Rolf_de_Heer	Rolf de Heer	dct:subject	dbc:People_from_Heemskerk
2418	Russell_Gunn	Russell Gunn	dct:subject	dbc:Musicians_from_Chicago,_Illinois
2418	Russell_Gunn	Russell Gunn	dct:subject	dbc:People_from_East_St._Louis,_Illinois
1398	Jesse_R._Pitts	Jesse R. Pitts	dct:subject	dbc:People_from_Columbiana_County,_Ohio
1330	James_Isaacs	James Isaacs	dct:subject	dbc:Radio_personalities_from_Boston,_Massachusetts
2169	Pete_Cosey	Pete Cosey	dct:subject	dbc:Musicians_from_Chicago,_Illinois
1512	Kelly_Joe_Phelps	Kelly Joe Phelps	dct:subject	dbc:People_from_Pierce_County,_Washington
1512	Kelly_Joe_Phelps	Kelly Joe Phelps	dct:subject	dbc:Musicians_from_Washington_(state)
564	Chris_Burnett	Chris Burnett	dct:subject	dbc:Musicians_from_Kansas
564	Chris_Burnett	Chris Burnett	dct:subject	dbc:People_from_Olathe,_Kansas
481	But_Not_for_Me_(song)	But Not for Me (song)	dct:subject	dbc:Songs_from_Girl_Crazy
1744	Lonnie_Liston_Smith	Lonnie Liston Smith	dct:subject	dbc:Musicians_from_Virginia
1744	Lonnie_Liston_Smith	Lonnie Liston Smith	dct:subject	dbc:People_from_Richmond,_Virginia
2546	Sonya_Robinson	Sonya Robinson	dct:subject	dbc:Songwriters_from_Wisconsin
588	Claude_Nobs	Claude Nobs	dct:subject	dbc:LGBT_people_from_Switzerland
588	Claude_Nobs	Claude Nobs	dct:subject	dbc:People_from_Montreux
221	Annie_Whitehead	Annie Whitehead	dct:subject	dbc:LGBT_musicians_from_England
221	Annie_Whitehead	Annie Whitehead	dct:subject	dbc:People_from_Oldham
2356	Richard_Williams_(journalist)	Richard Williams (journalist)	dct:subject	dbc:People_from_Sheffield
1505	Kei_Akagi	Kei Akagi	dct:subject	dbc:Musicians_from_Aomori_Prefecture
1837	Max_Gordon_(Village_Vanguard_founder)	Max Gordon (Village Vanguard founder)	dct:subject	dbc:People_from_Myadzyel_Raion
1837	Max_Gordon_(Village_Vanguard_founder)	Max Gordon (Village Vanguard founder)	dct:subject	dbc:People_from_Vilna_Governorate
2414	Rudresh_Mahanthappa	Rudresh Mahanthappa	dct:subject	dbc:People_from_Trieste
1323	Jacques-Louis_Monod	Jacques-Louis Monod	dct:subject	dbc:People_from_Asnières-sur-Seine
2482	Shifty_Henry	Shifty Henry	dct:subject	dbc:People_from_Jackson_County,_Texas
2482	Shifty_Henry	Shifty Henry	dct:subject	dbc:Musicians_from_Texas
2482	Shifty_Henry	Shifty Henry	dct:subject	dbc:Songwriters_from_Texas
2593	Steve_Grossman_(saxophonist)	Steve Grossman (saxophonist)	dct:subject	dbc:People_from_New_York_City
670	Damp_(Norwegian_band)	Damp (Norwegian band)	dct:subject	dbc:Musical_groups_from_Oslo
1036	Freddie_Webster	Freddie Webster	dct:subject	dbc:People_from_Cleveland,_Ohio
2399	Ron_Holloway	Ron Holloway	dct:subject	dbc:Musicians_from_Washington,_D.C.
2399	Ron_Holloway	Ron Holloway	dct:subject	dbc:Musicians_from_Maryland
827	Ebersson/Zanussi/Lofthus	Ebersson/Zanussi/Lofthus	dct:subject	dbc:Musical_groups_from_Norway_with_local_place_of_origin_missing
292	Barney_Wilen	Barney Wilen	dct:subject	dbc:People_from_Nice
1418	Joe_Beck	Joe Beck	dct:subject	dbc:Musicians_from_Philadelphia,_Pennsylvania
2653	T._J._Jagodowski	T. J. Jagodowski	dct:subject	dbc:People_from_Holyoke,_Massachusetts
2653	T._J._Jagodowski	T. J. Jagodowski	dct:subject	dbc:Male_actors_from_Massachusetts
2376	Robert_Glasper	Robert Glasper	dct:subject	dbc:Musicians_from_Houston,_Texas
2376	Robert_Glasper	Robert Glasper	dct:subject	dbc:Songwriters_from_Texas
879	Ernie_Royal	Ernie Royal	dct:subject	dbc:People_from_Teaneck,_New_Jersey
1417	Joe_Albany	Joe Albany	dct:subject	dbc:Musicians_from_New_Jersey
1417	Joe_Albany	Joe Albany	dct:subject	dbc:People_from_Atlantic_City,_New_Jersey
567	Chris_Kelsey	Chris Kelsey	dct:subject	dbc:Musicians_from_Bangor,_Maine
2095	Omar_Hakim	Omar Hakim	dct:subject	dbc:Musicians_from_New_York_City
1204	Hilly_Kristal	Hilly Kristal	dct:subject	dbc:People_from_Hightstown,_New_Jersey
1204	Hilly_Kristal	Hilly Kristal	dct:subject	dbc:People_from_Manhattan
428	Bobby_Broom	Bobby Broom	dct:subject	dbc:Musicians_from_Chicago,_Illinois
1301	Itamar_Assump%C3%A7%C3%A3o	Itamar Assumpção	dct:subject	dbc:People_from_São_Paulo_(state)
464	Britt_Woodman	Britt Woodman	dct:subject	dbc:Musicians_from_Hawthorne,_California
464	Britt_Woodman	Britt Woodman	dct:subject	dbc:Musicians_from_Los_Angeles,_California
3974	William_Coupon	William Coupon	dct:subject	dbc:People_from_New_York_City
2476	Shanghai_Restoration_Project	Shanghai Restoration Project	dct:subject	dbc:Electronic_music_groups_from_New_York
2476	Shanghai_Restoration_Project	Shanghai Restoration Project	dct:subject	dbc:Musical_groups_from_New_York_City
1114	Grace_Potter	Grace Potter	dct:subject	dbc:Musical_groups_from_Vermont
169	Alan_Goldsher	Alan Goldsher	dct:subject	dbc:Musicians_from_Illinois
169	Alan_Goldsher	Alan Goldsher	dct:subject	dbc:Writers_from_Illinois
7	%C5%A0arlo_Akrobata	Šarlo Akrobata	dct:subject	dbc:Musical_groups_from_Belgrade
1509	Kekal	Kekal	dct:subject	dbc:Musical_groups_from_Jakarta
2373	Robert_Brownjohn	Robert Brownjohn	dct:subject	dbc:People_from_Newark,_New_Jersey
646	Crazy_Rhythm	Crazy Rhythm	dct:subject	dbc:Songs_from_musicals
690	David_Binney	David Binney	dct:subject	dbc:Musicians_from_Miami,_Florida
690	David_Binney	David Binney	dct:subject	dbc:Musicians_from_New_York_City
1466	Johnny_Lytle	Johnny Lytle	dct:subject	dbc:Musicians_from_Ohio
1466	Johnny_Lytle	Johnny Lytle	dct:subject	dbc:People_from_Springfield,_Ohio
480	Buster_Williams	Buster Williams	dct:subject	dbc:People_from_Camden,_New_Jersey
734	Desmond_Tutu	Desmond Tutu	dct:subject	dbc:LGBT_rights_activists_from_South_Africa
734	Desmond_Tutu	Desmond Tutu	dct:subject	dbc:People_from_Klerksdorp
2654	T._M._Stevens	T. M. Stevens	dct:subject	dbc:Musicians_from_New_York
3029	Tim_Drummond	Tim Drummond	dct:subject	dbc:Musicians_from_Los_Angeles,_California
3029	Tim_Drummond	Tim Drummond	dct:subject	dbc:People_from_Canton,_Illinois
1085	Gerald_Early	Gerald Early	dct:subject	dbc:People_from_Philadelphia,_Pennsylvania
1846	Melba_Liston	Melba Liston	dct:subject	dbc:People_from_Kansas_City,_Missouri
1195	Herman_Leonard	Herman Leonard	dct:subject	dbc:People_from_Allentown,_Pennsylvania
2347	Ren%C3%A9_Urtreger	René Urtreger	dct:subject	dbc:Musicians_from_Paris
1052	Funsho_Ogundipe	Funsho Ogundipe	dct:subject	dbc:Musicians_from_Lagos
2371	Rob_Hyman	Rob Hyman	dct:subject	dbc:People_from_Philadelphia,_Pennsylvania
1434	John_Beasley_(musician)	John Beasley (musician)	dct:subject	dbc:Musicians_from_Shreveport,_Louisiana
844	Either/Orchestra	Either/Orchestra	dct:subject	dbc:Musical_groups_from_Massachusetts
701	David_Redfern	David Redfern	dct:subject	dbc:People_from_Ashbourne,_Derbyshire
2346	Ren%C3%A9_Thomas_(guitarist)	René Thomas (guitarist)	dct:subject	dbc:People_from_Liège
429	Bobby_Jaspar	Bobby Jaspar	dct:subject	dbc:People_from_Liège
2601	Steve_Williams_(jazz_drummer)	Steve Williams (jazz drummer)	dct:subject	dbc:Musicians_from_Washington,_D.C.
1930	Mino_Cinelu	Mino Cinelu	dct:subject	dbc:People_from_Saint-Cloud
2453	Sean_Jones_(trumpeter)	Sean Jones (trumpeter)	dct:subject	dbc:People_from_Warren,_Ohio
231	Art_D%27Lugoff	Art D'Lugoff	dct:subject	dbc:People_from_New_York_City
2378	Robert_Irving_III	Robert Irving III	dct:subject	dbc:Musicians_from_Chicago,_Illinois
1152	Gustavo_Bergalli	Gustavo Bergalli	dct:subject	dbc:Musicians_from_Buenos_Aires
1140	Green_Gartside	Green Gartside	dct:subject	dbc:People_from_Cwmbran
1140	Green_Gartside	Green Gartside	dct:subject	dbc:People_from_Cardiff
2123	Oucho_Sparks	Oucho Sparks	dct:subject	dbc:Alternative_rock_groups_from_Chicago,_Illinois
561	Chris_Badami	Chris Badami	dct:subject	dbc:Musicians_from_New_Jersey
330	Bernie_Glow	Bernie Glow	dct:subject	dbc:Musicians_from_New_York_City
1495	Justin_Clay_Perry	Justin Clay Perry	dct:subject	dbc:People_from_Florida
1420	Joe_Chambers	Joe Chambers	dct:subject	dbc:Musicians_from_Philadelphia,_Pennsylvania
738	DeWayne_McKnight	DeWayne McKnight	dct:subject	dbc:Musicians_from_Los_Angeles,_California
1829	Masabumi_Kikuchi	Masabumi Kikuchi	dct:subject	dbc:Musicians_from_Tokyo
1405	Jimmy_Cleveland	Jimmy Cleveland	dct:subject	dbc:Musicians_from_Tennessee
1405	Jimmy_Cleveland	Jimmy Cleveland	dct:subject	dbc:People_from_Bedford_County,_Tennessee
1397	Jesper_Thilo	Jesper Thilo	dct:subject	dbc:Musicians_from_Copenhagen
801	Drop_Trio	Drop Trio	dct:subject	dbc:Musical_groups_from_Houston,_Texas
2337	Reinhold_Heil	Reinhold Heil	dct:subject	dbc:People_from_Schlüchtern
331	Beryl_Booker	Beryl Booker	dct:subject	dbc:Musicians_from_Philadelphia,_Pennsylvania
1445	John_D%27earth	John D'earth	dct:subject	dbc:Musicians_from_Virginia
1445	John_D%27earth	John D'earth	dct:subject	dbc:People_from_Holliston,_Massachusetts
1445	John_D%27earth	John D'earth	dct:subject	dbc:People_from_Charlottesville,_Virginia
1883	Mike_Zwerin	Mike Zwerin	dct:subject	dbc:Musicians_from_New_York_City
1883	Mike_Zwerin	Mike Zwerin	dct:subject	dbc:People_from_Queens,_New_York
1181	Henry_Johnson_(guitarist)	Henry Johnson (guitarist)	dct:subject	dbc:Musicians_from_Chicago,_Illinois
1220	Howard_Rumsey	Howard Rumsey	dct:subject	dbc:People_from_Imperial_County,_California
1220	Howard_Rumsey	Howard Rumsey	dct:subject	dbc:Jazz_musicians_from_California
1220	Howard_Rumsey	Howard Rumsey	dct:subject	dbc:Musicians_from_Los_Angeles,_California
2157	Paulinho_da_Costa	Paulinho da Costa	dct:subject	dbc:Musicians_from_Rio_de_Janeiro_(city)
2157	Paulinho_da_Costa	Paulinho da Costa	dct:subject	dbc:Musicians_from_California
347	Bill_Barber_(musician)	Bill Barber (musician)	dct:subject	dbc:People_from_Copiague,_New_York
347	Bill_Barber_(musician)	Bill Barber (musician)	dct:subject	dbc:People_from_Hornell,_New_York
681	Darn_That_Dream	Darn That Dream	dct:subject	dbc:Songs_from_musicals
1166	Harold_Ivory_Williams	Harold Ivory Williams	dct:subject	dbc:Musicians_from_Baltimore,_Maryland
1567	Lawson_Fusao_Inada	Lawson Fusao Inada	dct:subject	dbc:Writers_from_Fresno,_California
1567	Lawson_Fusao_Inada	Lawson Fusao Inada	dct:subject	dbc:Writers_from_Ashland,_Oregon
427	Bobby_and_the_Midnites	Bobby and the Midnites	dct:subject	dbc:Rock_music_groups_from_California
1436	John_Bettis	John Bettis	dct:subject	dbc:Writers_from_Long_Beach,_California
3979	Willie_Ruff	Willie Ruff	dct:subject	dbc:People_from_Sheffield,_Alabama
3979	Willie_Ruff	Willie Ruff	dct:subject	dbc:Musicians_from_Alabama
1533	King_Britt	King Britt	dct:subject	dbc:Musicians_from_Philadelphia,_Pennsylvania
1533	King_Britt	King Britt	dct:subject	dbc:Rappers_from_Philadelphia,_Pennsylvania
238	Art_Rust,_Jr.	Art Rust, Jr.	dct:subject	dbc:Sportspeople_from_New_York_City
2408	Roy_Cicala	Roy Cicala	dct:subject	dbc:Engineers_from_Connecticut
2408	Roy_Cicala	Roy Cicala	dct:subject	dbc:Musicians_from_New_Haven,_Connecticut
817	Earnest_Woodall	Earnest Woodall	dct:subject	dbc:People_from_Commack,_New_York
817	Earnest_Woodall	Earnest Woodall	dct:subject	dbc:People_from_Bay_Shore,_New_York
1233	I_Could_Write_a_Book	I Could Write a Book	dct:subject	dbc:Songs_from_Pal_Joey_(film)
1233	I_Could_Write_a_Book	I Could Write a Book	dct:subject	dbc:Songs_from_Pal_Joey_(musical)
487	C._J._Chenier	C. J. Chenier	dct:subject	dbc:People_from_Port_Arthur,_Texas
1300	It_Never_Entered_My_Mind	It Never Entered My Mind	dct:subject	dbc:Songs_from_musicals
1135	Grasshopper_(musician)	Grasshopper (musician)	dct:subject	dbc:People_from_Buffalo,_New_York
416	Bob_Belden	Bob Belden	dct:subject	dbc:Musicians_from_Evanston,_Illinois
2090	Old_Devil_Moon	Old Devil Moon	dct:subject	dbc:Songs_from_musicals
1748	Lorez_Alexandria	Lorez Alexandria	dct:subject	dbc:Singers_from_Chicago,_Illinois
1412	Jimmy_Woode	Jimmy Woode	dct:subject	dbc:People_from_Lindenwold,_New_Jersey
1412	Jimmy_Woode	Jimmy Woode	dct:subject	dbc:Musicians_from_New_Jersey
1412	Jimmy_Woode	Jimmy Woode	dct:subject	dbc:Musicians_from_Philadelphia,_Pennsylvania
3066	Tony_Clements	Tony Clements	dct:subject	dbc:People_from_Lindenhurst,_New_York
3066	Tony_Clements	Tony Clements	dct:subject	dbc:People_from_Brooklyn
1589	Leslie_Ann_Jones	Leslie Ann Jones	dct:subject	dbc:People_from_the_Greater_Los_Angeles_Area
1589	Leslie_Ann_Jones	Leslie Ann Jones	dct:subject	dbc:People_from_Oakland,_California
1344	Jay_Migliori	Jay Migliori	dct:subject	dbc:People_from_Erie,_Pennsylvania
2656	Tadayuki_Naitoh	Tadayuki Naitoh	dct:subject	dbc:People_from_Tokyo
1781	Madeline_Eastman	Madeline Eastman	dct:subject	dbc:Jazz_musicians_from_San_Francisco,_California
1781	Madeline_Eastman	Madeline Eastman	dct:subject	dbc:Singers_from_San_Francisco,_California
881	Esmond_Edwards	Esmond Edwards	dct:subject	dbc:People_from_Kingston,_Jamaica
357	Bill_Eyden	Bill Eyden	dct:subject	dbc:People_from_Hounslow
706	David_Sanford_(composer)	David Sanford (composer)	dct:subject	dbc:Musicians_from_Pittsburgh,_Pennsylvania
835	Eddie_Henderson_(musician)	Eddie Henderson (musician)	dct:subject	dbc:Musicians_from_the_San_Francisco_Bay_Area
819	Earthless	Earthless	dct:subject	dbc:Musical_groups_from_San_Diego,_California
819	Earthless	Earthless	dct:subject	dbc:Rock_music_groups_from_California
3060	Tommy_Potter	Tommy Potter	dct:subject	dbc:Musicians_from_Philadelphia,_Pennsylvania
1022	Frank_Butler_(musician)	Frank Butler (musician)	dct:subject	dbc:People_from_Kansas_City,_Missouri
2596	Steve_Popovich	Steve Popovich	dct:subject	dbc:People_from_Greene_County,_Pennsylvania
2596	Steve_Popovich	Steve Popovich	dct:subject	dbc:People_from_Cleveland,_Ohio
3052	Tom_Terrell_(journalist)	Tom Terrell (journalist)	dct:subject	dbc:People_from_Summit,_New_Jersey
573	Chuck_Findley	Chuck Findley	dct:subject	dbc:People_from_Johnstown,_Pennsylvania
168	Alan_Douglas_(record_producer)	Alan Douglas (record producer)	dct:subject	dbc:Businesspeople_from_Boston,_Massachusetts
1021	Francine_Reed	Francine Reed	dct:subject	dbc:Musicians_from_Atlanta,_Georgia
1021	Francine_Reed	Francine Reed	dct:subject	dbc:People_from_Illinois
1021	Francine_Reed	Francine Reed	dct:subject	dbc:Musicians_from_Arizona
1021	Francine_Reed	Francine Reed	dct:subject	dbc:Singers_from_Chicago,_Illinois
1026	Frank_Rehak	Frank Rehak	dct:subject	dbc:Musicians_from_New_York_City
2486	Shlomo_Bar	Shlomo Bar	dct:subject	dbc:People_from_Rabat
2486	Shlomo_Bar	Shlomo Bar	dct:subject	dbc:People_from_Sderot
1329	James_Buffington	James Buffington	dct:subject	dbc:People_from_Lycoming_County,_Pennsylvania
1329	James_Buffington	James Buffington	dct:subject	dbc:Musicians_from_Pennsylvania
336	Betty_Glamann	Betty Glamann	dct:subject	dbc:Musicians_from_Kansas
2362	Rick_Margitza	Rick Margitza	dct:subject	dbc:Musicians_from_Michigan
1069	Gene_Ramey	Gene Ramey	dct:subject	dbc:Musicians_from_Austin,_Texas
731	Denzil_Best	Denzil Best	dct:subject	dbc:Musicians_from_New_York
2031	Nelson_Boyd	Nelson Boyd	dct:subject	dbc:Musicians_from_New_Jersey
2031	Nelson_Boyd	Nelson Boyd	dct:subject	dbc:People_from_Camden,_New_Jersey
140	Addison_Farmer	Addison Farmer	dct:subject	dbc:People_from_Council_Bluffs,_Iowa
140	Addison_Farmer	Addison Farmer	dct:subject	dbc:Musicians_from_Iowa
1585	Leonard_Gaskin	Leonard Gaskin	dct:subject	dbc:Musicians_from_New_York_City
475	Buddy_Montgomery	Buddy Montgomery	dct:subject	dbc:Musicians_from_Indianapolis,_Indiana
1464	Johnny_Coles	Johnny Coles	dct:subject	dbc:Musicians_from_New_Jersey
1464	Johnny_Coles	Johnny Coles	dct:subject	dbc:People_from_Trenton,_New_Jersey
423	Bob_Northern	Bob Northern	dct:subject	dbc:Musicians_from_North_Carolina
2010	Myka_9	Myka 9	dct:subject	dbc:Rappers_from_Los_Angeles,_California
329	Bernard_Wright	Bernard Wright	dct:subject	dbc:Musicians_from_Florida
1520	Kenny_Hagood	Kenny Hagood	dct:subject	dbc:Musicians_from_Michigan
688	Dave_Schildkraut	Dave Schildkraut	dct:subject	dbc:Musicians_from_New_York
2182	Phil_Urso	Phil Urso	dct:subject	dbc:Musicians_from_New_Jersey
2182	Phil_Urso	Phil Urso	dct:subject	dbc:People_from_Jersey_City,_New_Jersey
228	Arnold_Fishkind	Arnold Fishkind	dct:subject	dbc:Musicians_from_New_York
228	Arnold_Fishkind	Arnold Fishkind	dct:subject	dbc:People_from_Bayonne,_New_Jersey
294	Barry_Galbraith	Barry Galbraith	dct:subject	dbc:Musicians_from_Pittsburgh,_Pennsylvania
1068	Gene_Perla	Gene Perla	dct:subject	dbc:People_from_Woodcliff_Lake,_New_Jersey
1068	Gene_Perla	Gene Perla	dct:subject	dbc:Musicians_from_New_Jersey
1863	Michael_Cuscuna	Michael Cuscuna	dct:subject	dbc:People_from_Stamford,_Connecticut
1383	Jean-Paul_Bourelly	Jean-Paul Bourelly	dct:subject	dbc:Musicians_from_Chicago,_Illinois
3779	Warren_Smith_(jazz_percussionist)	Warren Smith (jazz percussionist)	dct:subject	dbc:Musicians_from_Chicago,_Illinois
2660	Taft_Jordan	Taft Jordan	dct:subject	dbc:Musicians_from_South_Carolina
2660	Taft_Jordan	Taft Jordan	dct:subject	dbc:People_from_Florence,_South_Carolina
3059	Tommy_Muellner	Tommy Muellner	dct:subject	dbc:Musicians_from_Chicago,_Illinois
293	Barry_Finnerty	Barry Finnerty	dct:subject	dbc:Guitarists_from_San_Francisco,_California
293	Barry_Finnerty	Barry Finnerty	dct:subject	dbc:Jazz_musicians_from_San_Francisco,_California
1387	Jeff_Chan	Jeff Chan	dct:subject	dbc:People_from_Contra_Costa_County,_California
2379	Robert_Levin_(writer)	Robert Levin (writer)	dct:subject	dbc:People_from_New_York_City
2379	Robert_Levin_(writer)	Robert Levin (writer)	dct:subject	dbc:Writers_from_New_York
172	Albert_Stinson	Albert Stinson	dct:subject	dbc:Musicians_from_Ohio
488	Cab_Kaye	Cab Kaye	dct:subject	dbc:People_from_Camden_Town
488	Cab_Kaye	Cab Kaye	dct:subject	dbc:Singers_from_London
596	Colin_Bailey_(drummer)	Colin Bailey (drummer)	dct:subject	dbc:People_from_Swindon
1184	Herb_Geller	Herb Geller	dct:subject	dbc:Jazz_musicians_from_California
1184	Herb_Geller	Herb Geller	dct:subject	dbc:Musicians_from_Los_Angeles,_California
805	Drumma_Boy	Drumma Boy	dct:subject	dbc:Rappers_from_Memphis,_Tennessee
805	Drumma_Boy	Drumma Boy	dct:subject	dbc:Businesspeople_from_Tennessee
805	Drumma_Boy	Drumma Boy	dct:subject	dbc:Songwriters_from_Georgia_(U.S._state)
805	Drumma_Boy	Drumma Boy	dct:subject	dbc:Songwriters_from_Tennessee
805	Drumma_Boy	Drumma Boy	dct:subject	dbc:Rappers_from_Atlanta,_Georgia
805	Drumma_Boy	Drumma Boy	dct:subject	dbc:Businesspeople_from_Atlanta,_Georgia
805	Drumma_Boy	Drumma Boy	dct:subject	dbc:People_from_Shelby_County,_Tennessee
677	Danny_Polo	Danny Polo	dct:subject	dbc:Musicians_from_Indiana
700	David_Patterson_(guitarist)	David Patterson (guitarist)	dct:subject	dbc:Musicians_from_Massachusetts
700	David_Patterson_(guitarist)	David Patterson (guitarist)	dct:subject	dbc:Musicians_from_New_Jersey
700	David_Patterson_(guitarist)	David Patterson (guitarist)	dct:subject	dbc:People_from_Red_Bank,_New_Jersey
2177	Peter_Yarrow	Peter Yarrow	dct:subject	dbc:People_from_Greenwich_Village
2177	Peter_Yarrow	Peter Yarrow	dct:subject	dbc:People_from_Providence,_Rhode_Island
832	Eddie_Calhoun	Eddie Calhoun	dct:subject	dbc:Musicians_from_Mississippi
2388	Rod_Levitt	Rod Levitt	dct:subject	dbc:Musicians_from_Oregon
1306	J.C._Crowley	J.C. Crowley	dct:subject	dbc:Musicians_from_Houston,_Texas
1306	J.C._Crowley	J.C. Crowley	dct:subject	dbc:Singers_from_Texas
1403	Jimmie_Smith	Jimmie Smith	dct:subject	dbc:Musicians_from_New_Jersey
1403	Jimmie_Smith	Jimmie Smith	dct:subject	dbc:People_from_Newark,_New_Jersey
1023	Frank_Fitzpatrick	Frank Fitzpatrick	dct:subject	dbc:Musicians_from_Detroit,_Michigan
1023	Frank_Fitzpatrick	Frank Fitzpatrick	dct:subject	dbc:Songwriters_from_Michigan
386	Bj%C3%B6rk	Björk	dct:subject	dbc:People_from_Reykjavík
386	Bj%C3%B6rk	Björk	dct:subject	dbc:People_banned_from_entering_China
386	Bj%C3%B6rk	Björk	dct:subject	dbc:Actors_from_Reykjavík
1882	Mike_Vasas	Mike Vasas	dct:subject	dbc:People_from_Dearborn,_Michigan
1444	John_Creedon	John Creedon	dct:subject	dbc:People_from_County_Cork
2357	Richard_Wright_(musician)	Richard Wright (musician)	dct:subject	dbc:People_from_Pinner
1861	Michael_Bradford	Michael Bradford	dct:subject	dbc:Musicians_from_Detroit,_Michigan
3753	Vic_Firth	Vic Firth	dct:subject	dbc:People_from_Sanford,_Maine
2506	Skyzoo	Skyzoo	dct:subject	dbc:Musicians_from_Brooklyn
2506	Skyzoo	Skyzoo	dct:subject	dbc:Rappers_from_New_York_City
2760	Teddy_Charles	Teddy Charles	dct:subject	dbc:Musicians_from_Massachusetts
2760	Teddy_Charles	Teddy Charles	dct:subject	dbc:Musicians_from_New_York_City
2760	Teddy_Charles	Teddy Charles	dct:subject	dbc:People_from_Chicopee,_Massachusetts
2760	Teddy_Charles	Teddy Charles	dct:subject	dbc:Jazz_musicians_from_New_York
1038	Fredrik_Carl_St%C3%B8rmer	Fredrik Carl Størmer	dct:subject	dbc:Musicians_from_Oslo
1435	John_Bernard_Riley	John Bernard Riley	dct:subject	dbc:Musicians_from_New_York
1435	John_Bernard_Riley	John Bernard Riley	dct:subject	dbc:Musicians_from_Texas
1435	John_Bernard_Riley	John Bernard Riley	dct:subject	dbc:People_from_Aberdeen,_Maryland
457	Brian_Eno	Brian Eno	dct:subject	dbc:People_from_Woodbridge,_Suffolk
2054	Niels_Eje	Niels Eje	dct:subject	dbc:Musicians_from_Copenhagen
394	Bloodline_(band)	Bloodline (band)	dct:subject	dbc:Rock_music_groups_from_Texas
161	Akira_Sakata	Akira Sakata	dct:subject	dbc:People_from_Kure,_Hiroshima
161	Akira_Sakata	Akira Sakata	dct:subject	dbc:Musicians_from_Hiroshima_Prefecture
269	Azar_Lawrence	Azar Lawrence	dct:subject	dbc:Musicians_from_California
311	Beefy_Red	Beefy Red	dct:subject	dbc:Musical_groups_from_the_San_Francisco_Bay_Area
1459	John_Serry	John Serry	dct:subject	dbc:Musicians_from_New_York_City
1031	Fred_Plaut	Fred Plaut	dct:subject	dbc:People_from_Munich
997	Flea_(musician)	Flea (musician)	dct:subject	dbc:Male_actors_from_California
997	Flea_(musician)	Flea (musician)	dct:subject	dbc:Musicians_from_Los_Angeles,_California
997	Flea_(musician)	Flea (musician)	dct:subject	dbc:Musicians_from_New_York
997	Flea_(musician)	Flea (musician)	dct:subject	dbc:Musicians_from_Melbourne
508	Carlos_Redman	Carlos Redman	dct:subject	dbc:Musicians_from_Detroit,_Michigan
2812	The_Bergevin_Brothers	The Bergevin Brothers	dct:subject	dbc:Musical_groups_from_Seattle,_Washington
1455	John_Nzenze	John Nzenze	dct:subject	dbc:Musicians_from_Nairobi
1142	Greg_Hall_(poet)	Greg Hall (poet)	dct:subject	dbc:Poets_from_California
2589	Stephanie_Winters	Stephanie Winters	dct:subject	dbc:People_from_Levittown,_New_York
3063	Tomotaka_Imamichi	Tomotaka Imamichi	dct:subject	dbc:Musicians_from_Tokyo
2115	Oscar_Brashear	Oscar Brashear	dct:subject	dbc:Musicians_from_Chicago,_Illinois
3973	Will_Davis_(musician)	Will Davis (musician)	dct:subject	dbc:Musicians_from_Chicago,_Illinois
1401	Jim_Norman_(musician)	Jim Norman (musician)	dct:subject	dbc:Musicians_from_Montreal
1750	Lou_Jones_(photographer)	Lou Jones (photographer)	dct:subject	dbc:Artists_from_Boston,_Massachusetts
1750	Lou_Jones_(photographer)	Lou Jones (photographer)	dct:subject	dbc:Artists_from_Washington,_D.C.
1815	Mark_Salling	Mark Salling	dct:subject	dbc:Male_actors_from_Texas
1815	Mark_Salling	Mark Salling	dct:subject	dbc:Musicians_from_Dallas,_Texas
1815	Mark_Salling	Mark Salling	dct:subject	dbc:Songwriters_from_Texas
1588	Lesa_Carlson	Lesa Carlson	dct:subject	dbc:People_from_Idaho
1588	Lesa_Carlson	Lesa Carlson	dct:subject	dbc:Musicians_from_Los_Angeles,_California
2209	Popsie_Randolph	Popsie Randolph	dct:subject	dbc:People_from_New_York_City
1974	Mungolian_Jet_Set	Mungolian Jet Set	dct:subject	dbc:Musical_groups_from_Norway_with_local_place_of_origin_missing
1752	Louis_Banks	Louis Banks	dct:subject	dbc:People_from_Darjeeling
2433	Saskia_Laroo	Saskia Laroo	dct:subject	dbc:Musicians_from_Amsterdam
1331	James_Lavadour	James Lavadour	dct:subject	dbc:People_from_Pendleton,_Oregon
1331	James_Lavadour	James Lavadour	dct:subject	dbc:Artists_from_Oregon
2322	Ray_Tarantino	Ray Tarantino	dct:subject	dbc:Singers_from_Milan
2787	Terrace_Martin	Terrace Martin	dct:subject	dbc:Musicians_from_Long_Beach,_California
2787	Terrace_Martin	Terrace Martin	dct:subject	dbc:Rappers_from_Los_Angeles,_California
2787	Terrace_Martin	Terrace Martin	dct:subject	dbc:Songwriters_from_California
667	D*Note	D*Note	dct:subject	dbc:Musical_groups_from_London
2068	Norman_Amadio	Norman Amadio	dct:subject	dbc:People_from_Timmins
2664	Tale_Ognenovski	Tale Ognenovski	dct:subject	dbc:People_from_Bitola
2664	Tale_Ognenovski	Tale Ognenovski	dct:subject	dbc:People_from_Skopje
1449	John_Kelly_(Irish_broadcaster)	John Kelly (Irish broadcaster)	dct:subject	dbc:People_from_Enniskillen
1880	Mike_Richmond_(musician)	Mike Richmond (musician)	dct:subject	dbc:Musicians_from_Pennsylvania
2069	Norman_Seeff	Norman Seeff	dct:subject	dbc:People_from_Johannesburg
1400	Jim_Marshall_(photographer)	Jim Marshall (photographer)	dct:subject	dbc:People_from_Illinois
1400	Jim_Marshall_(photographer)	Jim Marshall (photographer)	dct:subject	dbc:Artists_from_Chicago,_Illinois
452	Branford_Marsalis	Branford Marsalis	dct:subject	dbc:Jazz_musicians_from_New_Orleans,_Louisiana
452	Branford_Marsalis	Branford Marsalis	dct:subject	dbc:People_from_New_Rochelle,_New_York
452	Branford_Marsalis	Branford Marsalis	dct:subject	dbc:People_from_St._Martin_Parish,_Louisiana
1340	Janusz_Iwa%C5%84ski	Janusz Iwański	dct:subject	dbc:People_from_Częstochowa
1060	Gary_Clark,_Jr.	Gary Clark, Jr.	dct:subject	dbc:Film_directors_from_Texas
1060	Gary_Clark,_Jr.	Gary Clark, Jr.	dct:subject	dbc:Male_actors_from_Texas
1060	Gary_Clark,_Jr.	Gary Clark, Jr.	dct:subject	dbc:Singers_from_Texas
2819	The_Blue_Method	The Blue Method	dct:subject	dbc:Musical_groups_from_Philadelphia,_Pennsylvania
702	David_Richardson_(audio_engineer)	David Richardson (audio engineer)	dct:subject	dbc:People_from_Hertfordshire
2308	Rain_Sultanov	Rain Sultanov	dct:subject	dbc:People_from_Baku
1557	Larry_Rosen_(producer)	Larry Rosen (producer)	dct:subject	dbc:People_from_the_Bronx
2407	Rowland_Greenberg	Rowland Greenberg	dct:subject	dbc:Musicians_from_Oslo
325	Bent_J%C3%A6dig	Bent Jædig	dct:subject	dbc:Musicians_from_Copenhagen
791	Draco_Rosa	Draco Rosa	dct:subject	dbc:Musicians_from_Ponce
791	Draco_Rosa	Draco Rosa	dct:subject	dbc:People_from_Long_Island
791	Draco_Rosa	Draco Rosa	dct:subject	dbc:Singers_from_Ponce
1448	John_Gross_(musician)	John Gross (musician)	dct:subject	dbc:Musicians_from_Burbank,_California
2323	Raymond_Harry_Brown	Raymond Harry Brown	dct:subject	dbc:People_from_Oceanside,_New_York
574	Chuck_Stewart	Chuck Stewart	dct:subject	dbc:People_from_Teaneck,_New_Jersey
574	Chuck_Stewart	Chuck Stewart	dct:subject	dbc:Artists_from_Tucson,_Arizona
296	Barry_Miles_(musician)	Barry Miles (musician)	dct:subject	dbc:Musicians_from_New_Jersey
296	Barry_Miles_(musician)	Barry Miles (musician)	dct:subject	dbc:People_from_Newark,_New_Jersey
296	Barry_Miles_(musician)	Barry Miles (musician)	dct:subject	dbc:People_from_North_Plainfield,_New_Jersey
1661	List_of_people_from_East_St._Louis,_Illinois	List of people from East St. Louis, Illinois	dct:subject	dbc:Lists_of_people_from_Illinois
1661	List_of_people_from_East_St._Louis,_Illinois	List of people from East St. Louis, Illinois	dct:subject	dbc:People_from_East_St._Louis,_Illinois
3970	Wiley_Reed	Wiley Reed	dct:subject	dbc:Musicians_from_Jacksonville,_Florida
1515	Kendrick_Lamar	Kendrick Lamar	dct:subject	dbc:Musicians_from_Compton,_California
1515	Kendrick_Lamar	Kendrick Lamar	dct:subject	dbc:Rappers_from_Los_Angeles,_California
1515	Kendrick_Lamar	Kendrick Lamar	dct:subject	dbc:Songwriters_from_California
2011	Myles_Davies	Myles Davies	dct:subject	dbc:People_from_Flintshire
735	Destroyer_(band)	Destroyer (band)	dct:subject	dbc:Musical_groups_from_Vancouver
178	Alfonzo_Blackwell	Alfonzo Blackwell	dct:subject	dbc:Musicians_from_Brooklyn
1343	Jay_Landesman	Jay Landesman	dct:subject	dbc:People_from_St._Louis,_Missouri
1391	Jeffrey_Gibson	Jeffrey Gibson	dct:subject	dbc:Painters_from_Colorado
1391	Jeffrey_Gibson	Jeffrey Gibson	dct:subject	dbc:Artists_from_New_York_City
1391	Jeffrey_Gibson	Jeffrey Gibson	dct:subject	dbc:People_from_Brooklyn
1392	Jens_Joneleit	Jens Joneleit	dct:subject	dbc:People_from_Offenbach_am_Main
2313	Randy_Hall	Randy Hall	dct:subject	dbc:Musicians_from_Illinois
2313	Randy_Hall	Randy Hall	dct:subject	dbc:Songwriters_from_Illinois
1194	Herman_Gvardjan%C4%8Di%C4%8D	Herman Gvardjančič	dct:subject	dbc:People_from_Škofja_Loka
2147	Patricia_Chica	Patricia Chica	dct:subject	dbc:Film_directors_from_Montreal
3765	Wadsworth_Jarrell	Wadsworth Jarrell	dct:subject	dbc:Artists_from_Georgia_(U.S._state)
3765	Wadsworth_Jarrell	Wadsworth Jarrell	dct:subject	dbc:Artists_from_Chicago,_Illinois
3765	Wadsworth_Jarrell	Wadsworth Jarrell	dct:subject	dbc:People_from_Albany,_Georgia
3765	Wadsworth_Jarrell	Wadsworth Jarrell	dct:subject	dbc:People_from_Athens,_Georgia
222	Anthony_Barboza	Anthony Barboza	dct:subject	dbc:People_from_Westbury,_New_York
222	Anthony_Barboza	Anthony Barboza	dct:subject	dbc:People_from_New_Bedford,_Massachusetts
2148	Patrick_van_Deurzen	Patrick van Deurzen	dct:subject	dbc:Musicians_from_Eindhoven
4	%C3%89douard_Gaumont	Édouard Gaumont	dct:subject	dbc:People_from_Cayenne
858	Emayatzy_Corinealdi	Emayatzy Corinealdi	dct:subject	dbc:Actresses_from_New_Jersey
858	Emayatzy_Corinealdi	Emayatzy Corinealdi	dct:subject	dbc:Actresses_from_Kentucky
492	Cal_Lampley	Cal Lampley	dct:subject	dbc:People_from_Dunn,_North_Carolina
570	Chris_Perry_(musician)	Chris Perry (musician)	dct:subject	dbc:People_from_Goa
1603	Lisa_Hilton_(musician)	Lisa Hilton (musician)	dct:subject	dbc:People_from_San_Luis_Obispo,_California
3047	Todd_Carey	Todd Carey	dct:subject	dbc:People_from_Whitefish_Bay,_Wisconsin
3047	Todd_Carey	Todd Carey	dct:subject	dbc:People_from_Winnetka,_Illinois
3047	Todd_Carey	Todd Carey	dct:subject	dbc:Singers_from_Chicago,_Illinois
2171	Pete_Levin	Pete Levin	dct:subject	dbc:Musicians_from_Boston,_Massachusetts
2171	Pete_Levin	Pete Levin	dct:subject	dbc:Musicians_from_New_York
3062	Tommy_Vig	Tommy Vig	dct:subject	dbc:Musicians_from_Los_Angeles,_California
3062	Tommy_Vig	Tommy Vig	dct:subject	dbc:Musicians_from_Budapest
2309	Rakoto_Frah	Rakoto Frah	dct:subject	dbc:People_from_Antananarivo
2014	Myron_Walden	Myron Walden	dct:subject	dbc:Musicians_from_Miami,_Florida
1552	Lana_Del_Rey	Lana Del Rey	dct:subject	dbc:People_from_Lake_Placid,_New_York
1552	Lana_Del_Rey	Lana Del Rey	dct:subject	dbc:Singers_from_Los_Angeles,_California
1552	Lana_Del_Rey	Lana Del Rey	dct:subject	dbc:Singers_from_New_York
177	Alexandra_Starlight	Alexandra Starlight	dct:subject	dbc:Musical_groups_from_Los_Angeles,_California
1035	Freddie_Roulette	Freddie Roulette	dct:subject	dbc:Musicians_from_Evanston,_Illinois
267	Avishai_Cohen_(trumpeter)	Avishai Cohen (trumpeter)	dct:subject	dbc:People_from_Tel_Aviv
189	Allen_Stone	Allen Stone	dct:subject	dbc:Musicians_from_Washington_(state)
189	Allen_Stone	Allen Stone	dct:subject	dbc:Songwriters_from_Washington_(state)
1289	Iosua_Tai_Taeoalii	Iosua Tai Taeoalii	dct:subject	dbc:Artists_from_Utah
362	Bill_Ramsay	Bill Ramsay	dct:subject	dbc:Musicians_from_Seattle,_Washington
1546	La_Santa_Cecilia	La Santa Cecilia	dct:subject	dbc:Musical_groups_from_Los_Angeles,_California
1518	Kenny_Dennis	Kenny Dennis	dct:subject	dbc:Musicians_from_Los_Angeles,_California
1518	Kenny_Dennis	Kenny Dennis	dct:subject	dbc:Musicians_from_Philadelphia,_Pennsylvania
1518	Kenny_Dennis	Kenny Dennis	dct:subject	dbc:People_from_the_Greater_Los_Angeles_Area
568	Chris_McNulty	Chris McNulty	dct:subject	dbc:Singers_from_Melbourne
1096	Gil_Askey	Gil Askey	dct:subject	dbc:Musicians_from_Austin,_Texas
2576	Staffan_William-Olsson	Staffan William-Olsson	dct:subject	dbc:People_from_Gothenburg
831	Edda_Magnason	Edda Magnason	dct:subject	dbc:People_from_Ystad_Municipality
1501	Kat_Dahlia	Kat Dahlia	dct:subject	dbc:Songwriters_from_Florida
1501	Kat_Dahlia	Kat Dahlia	dct:subject	dbc:Rappers_from_Miami,_Florida
1051	Funk_Trek	Funk Trek	dct:subject	dbc:Musical_groups_from_Omaha,_Nebraska
1747	Lord_Flea	Lord Flea	dct:subject	dbc:Musicians_from_Kingston,_Jamaica
841	Edward_Pramuk	Edward Pramuk	dct:subject	dbc:Artists_from_Louisiana
593	Clyde_Reasinger	Clyde Reasinger	dct:subject	dbc:Musicians_from_Pennsylvania
3105	Turtel_Onli	Turtel Onli	dct:subject	dbc:Artists_from_Chicago,_Illinois
3993	Wynne_Paris	Wynne Paris	dct:subject	dbc:People_from_Madison_County,_Alabama
1966	Morten_Schantz	Morten Schantz	dct:subject	dbc:People_from_Aarhus
2311	Randall_Schmit	Randall Schmit	dct:subject	dbc:Artists_from_New_York
2311	Randall_Schmit	Randall Schmit	dct:subject	dbc:Artists_from_New_York_City
2311	Randall_Schmit	Randall Schmit	dct:subject	dbc:People_from_Columbia_County,_New_York
2311	Randall_Schmit	Randall Schmit	dct:subject	dbc:People_from_Manhattan
2311	Randall_Schmit	Randall Schmit	dct:subject	dbc:Artists_from_Baton_Rouge,_Louisiana
2369	Rob_Burns	Rob Burns	dct:subject	dbc:Musicians_from_Hertfordshire
2369	Rob_Burns	Rob Burns	dct:subject	dbc:People_from_Hemel_Hempstead
1309	Jack_Cooper_(musician)	Jack Cooper (musician)	dct:subject	dbc:People_from_La_Habra,_California
2600	Steve_Wiest	Steve Wiest	dct:subject	dbc:Musicians_from_Texas
2106	Onzy_Matthews	Onzy Matthews	dct:subject	dbc:Musicians_from_the_Greater_Los_Angeles_Area
2106	Onzy_Matthews	Onzy Matthews	dct:subject	dbc:Musicians_from_Dallas,_Texas
2106	Onzy_Matthews	Onzy Matthews	dct:subject	dbc:People_from_Dallas,_Texas
1502	Kathy_Kosins	Kathy Kosins	dct:subject	dbc:Jazz_musicians_from_Michigan
1502	Kathy_Kosins	Kathy Kosins	dct:subject	dbc:People_from_Highland_Park,_Michigan
2623	Sue_Cassidy_Clark	Sue Cassidy Clark	dct:subject	dbc:Writers_from_Chicago,_Illinois
1196	Herman_Lubinsky	Herman Lubinsky	dct:subject	dbc:People_from_New_Haven_County,_Connecticut
2652	SZA_(singer)	SZA (singer)	dct:subject	dbc:People_from_Maplewood,_New_Jersey
2652	SZA_(singer)	SZA (singer)	dct:subject	dbc:Singers_from_New_Jersey
2652	SZA_(singer)	SZA (singer)	dct:subject	dbc:Songwriters_from_New_Jersey
2788	Terrie_Williams	Terrie Williams	dct:subject	dbc:People_from_Mount_Vernon,_New_York
1324	Jacques_Benoit	Jacques Benoit	dct:subject	dbc:People_from_Algiers
372	Billy_Straus	Billy Straus	dct:subject	dbc:Musicians_from_New_York_City
1594	Life_(band)	Life (band)	dct:subject	dbc:Musical_groups_from_California
176	Alexa_Weber_Morales	Alexa Weber Morales	dct:subject	dbc:Musicians_from_Oakland,_California
176	Alexa_Weber_Morales	Alexa Weber Morales	dct:subject	dbc:Singers_from_California
2056	Nikhil_Korula	Nikhil Korula	dct:subject	dbc:Educators_from_California
2056	Nikhil_Korula	Nikhil Korula	dct:subject	dbc:People_from_Arcadia,_California
2056	Nikhil_Korula	Nikhil Korula	dct:subject	dbc:Musicians_from_Beverly_Hills,_California
2056	Nikhil_Korula	Nikhil Korula	dct:subject	dbc:Singers_from_Los_Angeles,_California
2056	Nikhil_Korula	Nikhil Korula	dct:subject	dbc:Songwriters_from_California
2056	Nikhil_Korula	Nikhil Korula	dct:subject	dbc:Writers_from_Los_Angeles,_California
722	Dej_Loaf	Dej Loaf	dct:subject	dbc:Musicians_from_Detroit,_Michigan
722	Dej_Loaf	Dej Loaf	dct:subject	dbc:Rappers_from_Detroit,_Michigan
1477	Jordan_McLean_(musician)	Jordan McLean (musician)	dct:subject	dbc:Musicians_from_New_York_City
1477	Jordan_McLean_(musician)	Jordan McLean (musician)	dct:subject	dbc:People_from_New_Rochelle,_New_York
1480	Joy_Villa	Joy Villa	dct:subject	dbc:Actresses_from_Santa_Barbara,_California
1480	Joy_Villa	Joy Villa	dct:subject	dbc:Singers_from_California
1480	Joy_Villa	Joy Villa	dct:subject	dbc:Songwriters_from_California
785	Doug_Sax	Doug Sax	dct:subject	dbc:People_from_the_Greater_Los_Angeles_Area
1431	Joey_Alexander	Joey Alexander	dct:subject	dbc:People_from_Denpasar
1421	Joe_Eula	Joe Eula	dct:subject	dbc:People_from_Norwalk,_Connecticut
258	Atlantis_Quartet	Atlantis Quartet	dct:subject	dbc:Musical_groups_from_the_Twin_Cities
258	Atlantis_Quartet	Atlantis Quartet	dct:subject	dbc:Musical_groups_from_Minnesota
643	Cozzetti_%26_Gemmill	Cozzetti & Gemmill	dct:subject	dbc:Musical_groups_from_Seattle,_Washington
1037	Freddy_Votel	Freddy Votel	dct:subject	dbc:Musicians_from_Minnesota
1037	Freddy_Votel	Freddy Votel	dct:subject	dbc:People_from_Minneapolis,_Minnesota
2375	Robert_Earl_Price	Robert Earl Price	dct:subject	dbc:People_from_Atlanta,_Georgia
847	Elbert_Pee_Wee_Claybrook	Elbert Pee Wee Claybrook	dct:subject	dbc:Musicians_from_Missouri
847	Elbert_Pee_Wee_Claybrook	Elbert Pee Wee Claybrook	dct:subject	dbc:People_from_St._Louis,_Missouri
2761	Teddy_Reig	Teddy Reig	dct:subject	dbc:People_from_New_York_City
2321	Ray_Marcano	Ray Marcano	dct:subject	dbc:People_from_Dayton,_Ohio
2321	Ray_Marcano	Ray Marcano	dct:subject	dbc:People_from_the_Bronx
2321	Ray_Marcano	Ray Marcano	dct:subject	dbc:Journalists_from_New_York_City
825	Easy_Mo_Bee	Easy Mo Bee	dct:subject	dbc:Musicians_from_Brooklyn
825	Easy_Mo_Bee	Easy Mo Bee	dct:subject	dbc:Rappers_from_New_York_City
825	Easy_Mo_Bee	Easy Mo Bee	dct:subject	dbc:People_from_Bedford–Stuyvesant,_Brooklyn
772	Don_Sleet	Don Sleet	dct:subject	dbc:Musicians_from_Fort_Wayne,_Indiana
2972	The_Soulful_Strings	The Soulful Strings	dct:subject	dbc:Musical_groups_from_Illinois
